node,flow_idx,share_mean,share_sd,n_out,source_year
3,2,0.00716833702289624,0.0005501146091863423,3,2017
3,3,0.049862454186204,0.011465192595054085,3,2017
3,4,0.9429692087908997,0.011495558918200798,3,2017
5,6,0.5361595903246612,0.02816810263254595,4,2017
5,7,0.10767361335032931,0.008549699041773662,4,2017
5,8,0.18055738387501138,0.01854654414803578,4,2017
5,9,0.17560941244999823,0.013572642845201155,4,2017
6,10,0.46778889314325955,0.06327385151113493,3,2017
6,11,0.38122385291310307,0.051698958154239395,3,2017
6,12,0.1509872539436374,0.039537810454176495,3,2017
7,13,0.6931672175033361,0.013996507466370298,2,2017
7,14,0.30683278249666385,0.013996507466370298,2,2017
8,15,0.016121393038384304,0.008025771017085966,2,2017
8,16,0.9838786069616158,0.008025771017085966,2,2017
9,17,0.03287371383037022,0.01532020046595039,2,2017
9,18,0.9671262861696298,0.01532020046595039,2,2017
10,19,0.7048061740245867,0.10126825273558145,2,2017
10,20,0.29519382597541327,0.10126825273558145,2,2017
12,21,0.9935650586125245,0.006208984891317458,2,2017
12,22,0.006434941387475459,0.006208984891317458,2,2017
16,23,0.5014784576000925,0.16001384462035226,2,2017
16,24,0.4985215423999075,0.16001384462035226,2,2017
18,26,0.2933167207606753,0.02732448672705284,3,2017
18,27,0.32769192345699244,0.05808024133360509,3,2017
18,28,0.37899135578233234,0.03801075307876972,3,2017
19,29,0.6885046138796663,0.0755679232688576,2,2017
19,30,0.3114953861203337,0.07556792326885758,2,2017
20,31,0.027692702904310522,0.015407818593208972,2,2017
20,32,0.9723072970956895,0.015407818593208972,2,2017
21,33,0.9998191336830294,0.00012223119672259456,2,2017
21,34,0.0001808663169705188,0.00012223119672259534,2,2017
22,35,0.044097157067939936,0.02081468514978585,2,2017
22,36,0.9559028429320601,0.02081468514978585,2,2017
23,37,0.9994949551243176,0.00031170676511717093,2,2017
23,38,0.0005050448756824789,0.0003117067651171707,2,2017
24,39,0.15297061975109505,0.046184253582349705,9,2017
24,40,0.015822787998753425,0.00353158513861497,9,2017
24,41,0.18664970495394834,0.054332828693589866,9,2017
24,42,0.008493692414802786,0.002255515603922307,9,2017
24,43,0.24015753742857857,0.07131160866637057,9,2017
24,44,0.3193603112965978,0.05206412686374125,9,2017
24,45,0.05157819362806544,0.008389255450399879,9,2017
24,46,0.007932849242688727,0.0022143505810460844,9,2017
24,71,0.017034303285469895,0.015127131404802674,9,2017
25,47,0.054647715501922815,0.00431280672321315,9,2017
25,48,0.4978707619010817,0.02085962268302507,9,2017
25,49,0.0022150984384863687,0.00015988412495568653,9,2017
25,50,0.21236959686262816,0.013256759914508198,9,2017
25,51,0.0030102479327053146,0.00021760398972715656,9,2017
25,52,0.01711800243607825,0.00122058608947545,9,2017
25,53,0.0030634405594884575,0.00022083852561889477,9,2017
25,54,0.10727045000045504,0.006940536554464573,9,2017
25,70,0.10243468636715386,0.010141422741033449,9,2017
28,57,0.33383096326098893,0.0314680556993295,2,2017
28,63,0.6661690367390111,0.0314680556993295,2,2017
29,58,0.3364778645568485,0.03153443592242925,2,2017
29,64,0.6635221354431514,0.03153443592242925,2,2017
30,59,0.3332893048176719,0.031314617600566204,2,2017
30,65,0.6667106951823281,0.03131461760056621,2,2017
31,60,0.3338371221482199,0.03110738641648792,2,2017
31,66,0.6661628778517801,0.03110738641648792,2,2017
32,61,0.33321454142212803,0.03078789819520927,2,2017
32,67,0.666785458577872,0.03078789819520927,2,2017
33,62,0.3039607199765985,0.027843654312390193,3,2017
33,68,0.6060286823230697,0.029866355689266367,3,2017
33,69,0.0900105977003318,0.009793328610965752,3,2017
34,72,0.26017011770625104,0.07995131605074586,9,2017
34,80,0.00923176450633249,0.001435189626765736,9,2017
34,111,0.009835566395170407,0.004358440187398937,9,2017
34,112,0.5139822239916156,0.07319638330059715,9,2017
34,113,0.07843585419355352,0.034686601797947296,9,2017
34,114,0.018566144972920327,0.008195575781982904,9,2017
34,115,0.024050828420208586,0.010698340106324495,9,2017
34,116,0.0475976516646403,0.021530338779965543,9,2017
34,117,0.038129848149307644,0.016617297153792263,9,2017
36,74,0.38630568487200173,0.10190746374134924,7,2017
36,118,0.4325255234999139,0.08617469095223335,7,2017
36,119,0.087198919971758,0.04070742815122735,7,2017
36,120,0.012494415214238021,0.005836863164401104,7,2017
36,121,0.016668779098401233,0.007719177432932323,7,2017
36,122,0.0331364984599915,0.015437492337341176,7,2017
36,123,0.03167017888369569,0.014441441901839583,7,2017
38,76,0.2456353193693736,0.07664856204101846,7,2017
38,124,0.5036239352700653,0.07674148154960156,7,2017
38,125,0.09085528272343239,0.04050077250204017,7,2017
38,126,0.023513934317755475,0.010285060714389388,7,2017
38,127,0.030978831854324027,0.013808943404873531,7,2017
38,128,0.060723860036306275,0.02733925688177484,7,2017
38,129,0.044668836428742933,0.019347736250583236,7,2017
40,78,0.38849585504534034,0.1027264854502695,2,2017
40,130,0.6115041449546597,0.1027264854502695,2,2017
42,81,0.7017719331973817,0.12023303908653887,4,2017
42,82,0.19690625717344437,0.0979924172817161,4,2017
42,83,0.06004714208135647,0.026959987547354427,4,2017
42,84,0.04127466754781736,0.022921332536417326,4,2017
43,85,0.4763906019607825,0.17348441706153087,4,2017
43,86,0.46387981656661087,0.1743083583129198,4,2017
43,87,0.019570637830447553,0.010253295917021937,4,2017
43,88,0.04015894364215913,0.020517671443527105,4,2017
44,89,0.7647137690651337,0.10462886471229671,4,2017
44,90,0.20530975294171577,0.09967823627103956,4,2017
44,91,0.019144615585662272,0.012145167280557251,4,2017
44,92,0.01083186240748843,0.005987715494770833,4,2017
45,93,0.27582231129459495,0.13454427460152532,2,2017
45,94,0.724177688705405,0.13454427460152535,2,2017
46,95,0.8906309344363794,0.05435928505742783,4,2017
46,96,0.07901661157237035,0.04540378046277032,4,2017
46,97,0.019230706010284437,0.01180195248862475,4,2017
46,98,0.011121747980965857,0.006675411213172157,4,2017
47,99,0.291814891752076,0.10219229056209321,4,2017
47,100,0.6910900093886386,0.10106247346986147,4,2017
47,101,0.0151310315659914,0.006983319223687895,4,2017
47,102,0.0019640672932939992,0.0009084542441150174,4,2017
48,103,0.3260349583655459,0.13001787265632345,4,2017
48,104,0.31273591330432227,0.1302975885729809,4,2017
48,105,0.005894197412931107,0.0028029573013821883,4,2017
48,106,0.3553349309172007,0.1257834722626854,4,2017
49,107,0.09617622616945087,0.047930428359437095,4,2017
49,108,0.46524884490138835,0.14712291448325207,4,2017
49,109,0.3972302934624011,0.1468313440138971,4,2017
49,110,0.041344635466759753,0.021908294572855064,4,2017
50,131,0.6013788485588063,0.013449746544947268,10,2017
50,132,0.0002249722671869524,0.00014554165873670644,10,2017
50,133,0.11938648626415306,0.0065102556360266805,10,2017
50,134,0.00022892445659353924,0.00014517226246375307,10,2017
50,135,0.00022739338301204894,0.00014590607671087722,10,2017
50,136,0.10960780838707297,0.005950234638931647,10,2017
50,137,0.00022710436916461468,0.00014702634854970394,10,2017
50,138,0.16050531142791413,0.008290059072664164,10,2017
50,139,0.00022722158491002918,0.00014611700009913787,10,2017
50,140,0.007985929301186382,0.00046548812252238965,10,2017
51,141,0.2329921762118841,0.061937451092046576,4,2017
51,142,0.6509328126375408,0.05521916048470036,4,2017
51,143,0.062056559932167035,0.00814540984965108,4,2017
51,144,0.05401845121840815,0.02032461108206511,4,2017
53,146,0.21647787211930872,0.06853089865725749,3,2017
53,147,0.7406396479468872,0.06706734377096553,3,2017
53,148,0.04288247993380415,0.02238978586999244,3,2017
55,150,0.4042810990088436,0.046567121896290996,3,2017
55,151,0.4825587241219281,0.053330863961200375,3,2017
55,152,0.11316017686922829,0.032808070290149156,3,2017
57,154,0.46295421408280085,0.10336730451327206,4,2017
57,155,0.41979700585913976,0.0819966344200901,4,2017
57,156,0.11601458136761174,0.02638013166061303,4,2017
57,157,0.0012341986904476818,0.0008553732738218453,4,2017
59,159,0.17868126505084814,0.013372501812325643,9,2017
59,160,0.053815476112233654,0.024619505071749502,9,2017
59,161,0.17562558061818698,0.01758554846457998,9,2017
59,162,0.1235942076949392,0.012547501254829948,9,2017
59,163,0.06071658873806726,0.006497852309650651,9,2017
59,164,0.03266832438680877,0.003513197676674429,9,2017
59,165,0.05970592345859981,0.006330147945205567,9,2017
59,166,0.308056501337624,0.02648830111143269,9,2017
59,167,0.0071361326026921695,0.000772464276211186,9,2017
61,169,0.04840462438433335,0.005555682007158181,9,2017
61,170,0.025784008123089307,0.011037774626144603,9,2017
61,171,0.05596294974571438,0.006422542741724396,9,2017
61,172,0.017199156687030735,0.002019231522614701,9,2017
61,173,0.004673581062210925,0.0005574722746134296,9,2017
61,174,0.007805706687854831,0.00092503080639044,9,2017
61,175,0.209714367423618,0.02127442102588159,9,2017
61,176,0.628896464387637,0.028657344158435356,9,2017
61,177,0.0015591414985114968,0.00018246166054099403,9,2017
63,179,0.04329548880556244,0.004426518615500038,8,2017
63,180,0.34698824344614276,0.025995651291470814,8,2017
63,181,0.11533428955466533,0.011331862557735375,8,2017
63,182,0.18179904285318194,0.01711396445066566,8,2017
63,183,0.09704782846401526,0.009795055880812574,8,2017
63,184,0.09922310251624875,0.009920991377904715,8,2017
63,185,0.10005673135297916,0.010036550113534102,8,2017
63,186,0.016255273007204418,0.001719661675110105,8,2017
65,188,0.03270387475578298,0.012153610583641311,6,2017
65,189,0.023514526851137085,0.0026819148171322495,6,2017
65,190,0.016535927668069637,0.0018533206113253613,6,2017
65,191,0.898470045390139,0.013460513087667013,6,2017
65,192,0.01918893516902405,0.0022270266349217545,6,2017
65,193,0.009586690165847369,0.0011084143725650952,6,2017
66,194,0.22837146886490575,0.022443200702293543,7,2017
66,195,0.6358259956470321,0.02732402989248518,7,2017
66,196,0.031470706726115565,0.0035808489116275046,7,2017
66,197,0.0031511309773268347,0.0003786152663974233,7,2017
66,198,0.06916403894432076,0.007736270932920562,7,2017
66,199,0.0005371013540590972,0.0004071648119648996,7,2017
66,200,0.03147955748623993,0.0036196345660053377,7,2017
68,202,0.07420146856609464,0.0038780006988754553,8,2017
68,203,0.2384581243571232,0.010346712900069827,8,2017
68,204,0.08201316136588155,0.0042462489422955,8,2017
68,205,0.08772216382230064,0.004533401042619284,8,2017
68,206,0.1876610389644792,0.008550942698765463,8,2017
68,207,0.32964793779787954,0.01229104138803986,8,2017
68,208,0.00014751369930866303,9.670392257184914e-05,8,2017
68,209,0.00014859142693255024,9.65567208702319e-05,8,2017
69,210,0.040865252399138324,0.017772973672370188,2,2017
69,211,0.9591347476008616,0.017772973672370188,2,2017
70,212,0.23512699719306532,0.10002040903930155,2,2017
70,213,0.7648730028069347,0.10002040903930155,2,2017
71,214,0.14160504686838019,0.05999426895812241,2,2017
71,215,0.8583949531316197,0.059994268958122404,2,2017
72,216,0.15647868512447308,0.06810715256855729,2,2017
72,217,0.843521314875527,0.06810715256855729,2,2017
73,218,0.18488096352556038,0.0774465669539712,2,2017
73,219,0.8151190364744395,0.0774465669539712,2,2017
74,220,0.13174312203025562,0.0488762092436662,2,2017
74,221,0.8682568779697445,0.0488762092436662,2,2017
75,222,0.00023489741641753711,0.00015161754309673753,2,2017
75,223,0.9997651025835824,0.000151617543096737,2,2017
76,224,0.0014964854558260096,0.0010050846355580709,2,2017
76,225,0.998503514544174,0.0010050846355580691,2,2017
