flow_idx,flow_label,source,value,coverage,frequency,spatial,sigma,relative_sigma
0,bauxite_mining -> bauxite,USGS value 1,229.0,1.0,2.0,4.0,74.30813348214298,0.32448966586088634
0,bauxite_mining -> bauxite,USGS value 2,229.0,1.0,2.0,4.0,74.30813348214298,0.32448966586088634
1,import_of_bauxite -> bauxite,USGS value 1,4350.0,4.0,3.0,4.0,217.5,0.05
1,import_of_bauxite -> bauxite,USGS value 2,4360.0,4.0,3.0,4.0,218.0,0.05
2,bauxite -> export_bauxite,USGS value 1,29.0,4.0,3.0,4.0,2.8170970635715373,0.09714127805419094
2,bauxite -> export_bauxite,USGS value 2,40.0,4.0,3.0,4.0,3.8856511221676375,0.09714127805419094
3,bauxite -> bauxite_non_aluminum_use,USGS value 1,229.0,1.0,2.0,4.0,74.30813348214298,0.32448966586088634
3,bauxite -> bauxite_non_aluminum_use,USGS value 2,229.0,1.0,2.0,4.0,74.30813348214298,0.32448966586088634
4,bauxite -> bauxite_refining_to_alumina,USGS value 1,4321.0,1.0,1.0,4.0,1591.8700105625112,0.3684031498640387
4,bauxite -> bauxite_refining_to_alumina,USGS value 2,4320.0,1.0,1.0,4.0,1591.5016074126472,0.3684031498640387
5,import_alumina -> primary_smelting_hall_hauroult_to_aluminum,USGS value 1,1330.0,4.0,3.0,4.0,66.5,0.05
5,import_alumina -> primary_smelting_hall_hauroult_to_aluminum,USGS value 2,1300.0,4.0,3.0,4.0,65.0,0.05
6,bauxite_refining_to_alumina -> waste_bauxite,USGS value 1,2377.0,1.0,1.0,4.0,875.69428722682,0.3684031498640387
6,bauxite_refining_to_alumina -> waste_bauxite,USGS value 2,2376.0,1.0,1.0,4.0,875.325884076956,0.3684031498640387
7,bauxite_refining_to_alumina -> export_alumina,USGS value 1,481.0,4.0,3.0,4.0,46.72495474406584,0.09714127805419094
7,bauxite_refining_to_alumina -> export_alumina,USGS value 2,450.0,4.0,3.0,4.0,43.713575124385926,0.09714127805419094
8,bauxite_refining_to_alumina -> alumina_non_aluminum_use,USGS value 1,781.0,4.0,3.0,4.0,75.86733816032313,0.09714127805419094
9,bauxite_refining_to_alumina -> primary_smelting_hall_hauroult_to_aluminum,USGS value 1,739.0,4.0,3.0,4.0,71.78740448204711,0.09714127805419094
9,bauxite_refining_to_alumina -> primary_smelting_hall_hauroult_to_aluminum,USGS value 2,770.0,4.0,3.0,4.0,74.79878410172702,0.09714127805419094
10,primary_smelting_hall_hauroult_to_aluminum -> waste_alumina,USGS value 1,1328.0,1.0,1.0,4.0,489.23938301944344,0.3684031498640387
11,primary_smelting_hall_hauroult_to_aluminum -> remelting,USGS value 1,506.0,1.0,1.0,3.0,362.1659865078614,0.7157430563396471
12,primary_smelting_hall_hauroult_to_aluminum -> refining,USGS value 1,235.0,1.0,1.0,3.0,168.19961823981706,0.7157430563396471
13,import_unwrought_aluminum_ingot -> remelting,USGS value 1,3299.0,1.0,1.0,3.0,164.95000000000002,0.05
14,import_unwrought_aluminum_ingot -> refining,USGS value 1,1531.0,1.0,1.0,3.0,76.55,0.049999999999999996
15,remelting -> loss_remelting,USGS value 1,444.2105263157895,1.0,1.0,3.0,317.9405997635064,0.7157430563396471
15,remelting -> loss_remelting,USGS value 2,212.0,1.0,1.0,3.0,151.7375279440052,0.7157430563396472
16,remelting -> wrought_aluminum_ingot,USGS value 1,8440.0,1.0,1.0,4.0,3109.3225848524867,0.3684031498640387
17,refining -> loss_refining,USGS value 1,792.0,1.0,1.0,3.0,566.8685006210005,0.7157430563396471
17,refining -> loss_refining,USGS value 2,98.0,1.0,1.0,3.0,70.14281952128542,0.7157430563396471
18,refining -> cast_aluminum_ingot,Other literature,3177.0,1.0,1.0,1.0,3177.0,1.0
18,refining -> cast_aluminum_ingot,USGS value 1,2350.0,1.0,1.0,4.0,865.747402180491,0.3684031498640387
19,alloying_element_si -> remelting,USGS value 1,231.0,1.0,1.0,3.0,165.33664601445847,0.7157430563396471
20,alloying_element_si -> refining,USGS value 1,110.0,1.0,1.0,3.0,78.73173619736117,0.7157430563396471
21,alloying_element_mg -> remelting,USGS value 1,70.53,1.0,1.0,3.0,50.48135776363531,0.7157430563396471
22,alloying_element_mg -> refining,USGS value 1,0.0,1.0,1.0,3.0,0.7157430563396471,715743056.339647
23,alloying_element_other -> remelting,USGS value 1,20.0,1.0,1.0,3.0,14.314861126792941,0.7157430563396471
24,alloying_element_other -> refining,USGS value 1,20.0,1.0,1.0,3.0,14.314861126792941,0.7157430563396471
25,import_scrap -> eol_scrap_generated,USGS value 1,720.0,4.0,3.0,4.0,36.0,0.05
26,eol_scrap_generated -> export_eol_scrap,USGS value 1,1570.0,4.0,3.0,4.0,78.5,0.05
27,eol_scrap_generated -> loss_eol_scrap,USGS value 1,1555.0,1.0,1.0,4.0,572.8668980385802,0.3684031498640387
28,eol_scrap_generated -> eol_scrap_recycled,USGS value 1,1727.0,4.0,3.0,4.0,167.76298719958774,0.09714127805419093
29,eol_scrap_recycled -> remelting,USGS value 1,1070.0,1.0,1.0,3.0,765.8450702834224,0.7157430563396471
30,eol_scrap_recycled -> refining,USGS value 1,658.0,1.0,1.0,3.0,470.95893107148777,0.7157430563396471
31,forming_scrap_generated -> loss_forming_scrap,USGS value 1,87.0,1.0,1.0,3.0,62.269645901549296,0.7157430563396471
32,forming_scrap_generated -> forming_scrap_recycled,USGS value 1,2665.0,1.0,1.0,3.0,1907.4552451451596,0.7157430563396471
33,forming_scrap_recycled -> remelting,USGS value 1,2677.0,1.0,1.0,1.0,2677.0,1.0
34,forming_scrap_recycled -> refining,USGS value 1,0.0,1.0,1.0,1.0,1.0,999999999.9999999
35,fabrication_scrap_generated -> loss_fabrication_scrap,USGS value 1,49.0,1.0,1.0,3.0,35.07140976064271,0.7157430563396471
36,fabrication_scrap_generated -> fabrication_scrap_recycled,USGS value 1,971.0,4.0,3.0,4.0,94.32418099061941,0.09714127805419095
37,fabrication_scrap_recycled -> remelting,USGS value 1,922.0,1.0,1.0,1.0,922.0,1.0
38,fabrication_scrap_recycled -> refining,USGS value 1,0.0,1.0,1.0,1.0,1.0,999999999.9999999
39,wrought_aluminum_ingot -> 1xxx,Other literature,2336.0,1.0,1.0,1.0,2336.0,1.0
39,wrought_aluminum_ingot -> 1xxx,USGS value 1,1728.0,1.0,1.0,3.0,1236.80400135491,0.715743056339647
40,wrought_aluminum_ingot -> 2xxx,Other literature,85.0,1.0,1.0,1.0,85.0,1.0
40,wrought_aluminum_ingot -> 2xxx,USGS value 1,238.0,1.0,1.0,3.0,170.346847408836,0.7157430563396471
41,wrought_aluminum_ingot -> 3xxx,Other literature,1256.0,1.0,1.0,1.0,1256.0,1.0
41,wrought_aluminum_ingot -> 3xxx,USGS value 1,2848.0,1.0,1.0,3.0,2038.436224455315,0.7157430563396471
42,wrought_aluminum_ingot -> 4xxx,Other literature,50.0,1.0,1.0,1.0,50.0,1.0
42,wrought_aluminum_ingot -> 4xxx,USGS value 1,117.0,1.0,1.0,3.0,83.7419375917387,0.7157430563396471
43,wrought_aluminum_ingot -> 5xxx,Other literature,3047.0,1.0,1.0,1.0,3047.0,1.0
43,wrought_aluminum_ingot -> 5xxx,USGS value 1,2762.0,1.0,1.0,3.0,1976.8823216101052,0.7157430563396471
44,wrought_aluminum_ingot -> 6xxx,Other literature,3771.0,1.0,1.0,1.0,3771.0,1.0
44,wrought_aluminum_ingot -> 6xxx,USGS value 1,3218.0,1.0,1.0,3.0,2303.2611553009842,0.7157430563396471
45,wrought_aluminum_ingot -> 7xxx,Other literature,254.0,1.0,1.0,1.0,254.0,1.0
45,wrought_aluminum_ingot -> 7xxx,USGS value 1,887.0,1.0,1.0,3.0,634.8640909732669,0.7157430563396471
46,wrought_aluminum_ingot -> 8xxx,Other literature,267.0,1.0,1.0,1.0,267.0,1.0
46,wrought_aluminum_ingot -> 8xxx,USGS value 1,94.0,1.0,1.0,3.0,67.27984729592683,0.7157430563396471
47,cast_aluminum_ingot -> 36x,USGS value 1,139.9873943233654,,,,13.998739432336542,0.1
48,cast_aluminum_ingot -> 38x,USGS value 1,1369.275605676634,,,,136.92756056766342,0.1
49,cast_aluminum_ingot -> 2xx,USGS value 1,5.802579327688045,,,,0.5802579327688046,0.1
50,cast_aluminum_ingot -> 3xx,USGS value 1,567.7059997361048,,,,56.77059997361048,0.1
51,cast_aluminum_ingot -> 4xx,USGS value 1,7.889786477696971,,,,0.7889786477696972,0.1
52,cast_aluminum_ingot -> 5xx,USGS value 1,44.9000575912573,,,,4.49000575912573,0.1
53,cast_aluminum_ingot -> 7xx,USGS value 1,8.033237140927826,,,,0.8033237140927826,0.1
54,cast_aluminum_ingot -> other,USGS value 1,289.7703397263251,,,,28.977033972632512,0.1
55,36x -> die_cast,USGS value 1,147.475924987329,,,,14.7475924987329,0.1
56,38x -> die_cast,USGS value 1,1442.524075012671,,,,144.2524075012671,0.1
57,2xx -> sand_cast,USGS value 1,1.923056763564638,,,,0.1923056763564638,0.1
58,3xx -> sand_cast,USGS value 1,188.1457884253907,,,,18.81457884253907,0.1
59,4xx -> sand_cast,USGS value 1,2.614786699531646,,,,0.2614786699531646,0.1
60,5xx -> sand_cast,USGS value 1,14.88051339915282,,,,1.4880513399152822,0.1
61,7xx -> sand_cast,USGS value 1,2.662328275886768,,,,0.26623282758867683,0.1
62,other -> sand_cast,USGS value 1,84.77352643647342,,,,8.477352643647341,0.09999999999999999
63,2xx -> permanent_semi_permanent_mold_cast,USGS value 1,3.846113527129276,,,,0.3846113527129276,0.1
64,3xx -> permanent_semi_permanent_mold_cast,USGS value 1,376.2915768507814,,,,37.62915768507814,0.1
65,4xx -> permanent_semi_permanent_mold_cast,USGS value 1,5.229573399063292,,,,0.5229573399063292,0.1
66,5xx -> permanent_semi_permanent_mold_cast,USGS value 1,29.76102679830564,,,,2.9761026798305643,0.1
67,7xx -> permanent_semi_permanent_mold_cast,USGS value 1,5.324656551773534,,,,0.5324656551773533,0.09999999999999999
68,other -> permanent_semi_permanent_mold_cast,USGS value 1,169.5470528729468,,,,16.954705287294683,0.10000000000000002
69,other -> other_cast,USGS value 1,25.0,,,,2.5,0.1
70,cast_aluminum_ingot -> export_cast_aluminum_ingot,USGS value 1,275.0,4.0,3.0,4.0,26.713851464902508,0.09714127805419094
72,die_cast -> scrap_cast,USGS value 1,530.0,1.0,1.0,3.0,379.34381986001296,0.7157430563396471
73,scrap_cast -> die_cast,USGS value 1,530.0,1.0,1.0,3.0,379.34381986001296,0.7157430563396471
74,sand_cast -> scrap_sand_cast,USGS value 1,197.0,1.0,1.0,3.0,141.00138209891048,0.7157430563396471
75,scrap_sand_cast -> sand_cast,USGS value 1,197.0,1.0,1.0,3.0,141.00138209891048,0.7157430563396471
76,permanent_semi_permanent_mold_cast -> scrap_semi_permanent_mold_cast,USGS value 1,197.0,1.0,1.0,3.0,141.00138209891048,0.7157430563396471
77,scrap_semi_permanent_mold_cast -> permanent_semi_permanent_mold_cast,USGS value 1,197.0,1.0,1.0,3.0,141.00138209891048,0.7157430563396471
78,other_cast -> scrap_other_cast,USGS value 1,17.0,1.0,1.0,3.0,12.167631957774,0.7157430563396471
79,scrap_other_cast -> other_cast,USGS value 1,17.0,1.0,1.0,3.0,12.167631957774,0.7157430563396471
80,die_cast -> export_cast_semifinished_products,USGS value 1,18.0,4.0,3.0,4.0,1.748543004975437,0.09714127805419094
81,1xxx -> rolling,USGS value 1,1116.0,1.0,1.0,3.0,798.7692508750462,0.7157430563396471
82,1xxx -> extrusion,USGS value 1,274.0,1.0,1.0,3.0,196.1135974370633,0.7157430563396471
83,1xxx -> drawing,USGS value 1,284.0,1.0,1.0,3.0,203.27102800045978,0.7157430563396471
84,1xxx -> other_milling_processes,USGS value 1,54.0,1.0,1.0,3.0,38.65012504234094,0.715743056339647
85,2xxx -> rolling,USGS value 1,122.0,1.0,1.0,3.0,87.32065287343694,0.7157430563396471
86,2xxx -> extrusion,USGS value 1,108.0,1.0,1.0,3.0,77.30025008468188,0.715743056339647
87,2xxx -> drawing,USGS value 1,3.0,1.0,1.0,3.0,2.1472291690189413,0.7157430563396471
88,2xxx -> other_milling_processes,USGS value 1,6.0,1.0,1.0,3.0,4.294458338037883,0.7157430563396471
89,3xxx -> rolling,USGS value 1,2417.0,1.0,1.0,3.0,1729.950967172927,0.7157430563396471
90,3xxx -> extrusion,USGS value 1,358.0,1.0,1.0,3.0,256.23601416959366,0.7157430563396471
91,3xxx -> drawing,USGS value 1,56.0,1.0,1.0,3.0,40.081611155020234,0.7157430563396471
92,3xxx -> other_milling_processes,USGS value 1,18.0,1.0,1.0,3.0,12.883375014113648,0.7157430563396471
93,4xxx -> rolling,USGS value 1,24.0,1.0,1.0,3.0,17.17783335215153,0.7157430563396471
94,4xxx -> other_milling_processes,USGS value 1,93.0,1.0,1.0,3.0,66.56410423958718,0.7157430563396471
95,5xxx -> rolling,USGS value 1,2472.0,1.0,1.0,3.0,1769.3168352716075,0.7157430563396471
96,5xxx -> extrusion,USGS value 1,169.0,1.0,1.0,3.0,120.96057652140036,0.7157430563396471
97,5xxx -> drawing,USGS value 1,97.0,1.0,1.0,3.0,69.42707646494577,0.7157430563396471
98,5xxx -> other_milling_processes,USGS value 1,23.0,1.0,1.0,3.0,16.462090295811883,0.7157430563396471
99,6xxx -> rolling,USGS value 1,1007.0,1.0,1.0,3.0,720.7532577340246,0.7157430563396471
100,6xxx -> extrusion,USGS value 1,2087.0,1.0,1.0,3.0,1493.7557585808433,0.7157430563396471
101,6xxx -> drawing,USGS value 1,119.0,1.0,1.0,3.0,85.173423704418,0.7157430563396471
102,6xxx -> other_milling_processes,USGS value 1,6.0,1.0,1.0,3.0,4.294458338037883,0.7157430563396471
103,7xxx -> rolling,USGS value 1,322.0,1.0,1.0,3.0,230.46926414136635,0.7157430563396471
104,7xxx -> extrusion,USGS value 1,278.0,1.0,1.0,3.0,198.9765696624219,0.7157430563396471
105,7xxx -> drawing,USGS value 1,3.0,1.0,1.0,3.0,2.1472291690189413,0.7157430563396471
106,7xxx -> other_milling_processes,USGS value 1,284.0,1.0,1.0,3.0,203.27102800045978,0.7157430563396471
107,8xxx -> rolling,USGS value 1,7.0,1.0,1.0,3.0,5.010201394377529,0.7157430563396471
108,8xxx -> extrusion,USGS value 1,35.0,1.0,1.0,3.0,25.05100697188765,0.7157430563396471
109,8xxx -> drawing,USGS value 1,49.0,1.0,1.0,3.0,35.07140976064271,0.7157430563396471
110,8xxx -> other_milling_processes,USGS value 1,3.0,1.0,1.0,3.0,2.1472291690189413,0.7157430563396471
111,die_cast -> building_construction,USGS value 1,19.0,1.0,1.0,3.0,13.599118070453294,0.7157430563396471
112,die_cast -> transportation_auto,USGS value 1,1001.0,1.0,1.0,3.0,716.4587993959867,0.7157430563396471
113,die_cast -> transportation_other,USGS value 1,153.0,1.0,1.0,3.0,109.508687619966,0.7157430563396471
114,die_cast -> machine_industry,USGS value 1,36.0,1.0,1.0,3.0,25.766750028227296,0.7157430563396471
115,die_cast -> electrical_equipment,USGS value 1,47.0,1.0,1.0,3.0,33.639923647963414,0.7157430563396471
116,die_cast -> consumer_durables,USGS value 1,96.0,1.0,1.0,3.0,68.71133340860612,0.7157430563396471
117,die_cast -> other_end_uses,USGS value 1,74.0,1.0,1.0,3.0,52.96498616913389,0.7157430563396471
118,sand_cast -> transportation_auto,USGS value 1,242.0,1.0,1.0,3.0,173.2098196341946,0.7157430563396471
119,sand_cast -> transportation_other,USGS value 1,42.0,1.0,1.0,3.0,30.061208366265177,0.7157430563396471
120,sand_cast -> machine_industry,USGS value 1,6.0,1.0,1.0,3.0,4.294458338037883,0.7157430563396471
121,sand_cast -> electrical_equipment,USGS value 1,8.0,1.0,1.0,3.0,5.725944450717177,0.7157430563396471
122,sand_cast -> consumer_durables,USGS value 1,16.0,1.0,1.0,3.0,11.451888901434353,0.7157430563396471
123,sand_cast -> other_end_uses,USGS value 1,15.0,1.0,1.0,3.0,10.736145845094706,0.7157430563396471
124,permanent_semi_permanent_mold_cast -> transportation_auto,USGS value 1,483.0,1.0,1.0,3.0,345.70389621204953,0.7157430563396471
125,permanent_semi_permanent_mold_cast -> transportation_other,USGS value 1,70.0,1.0,1.0,3.0,50.1020139437753,0.7157430563396471
126,permanent_semi_permanent_mold_cast -> machine_industry,USGS value 1,18.0,1.0,1.0,3.0,12.883375014113648,0.7157430563396471
127,permanent_semi_permanent_mold_cast -> electrical_equipment,USGS value 1,24.0,1.0,1.0,3.0,17.17783335215153,0.7157430563396471
128,permanent_semi_permanent_mold_cast -> consumer_durables,USGS value 1,48.0,1.0,1.0,3.0,34.35566670430306,0.7157430563396471
129,permanent_semi_permanent_mold_cast -> other_end_uses,USGS value 1,34.0,1.0,1.0,3.0,24.335263915548,0.7157430563396471
130,other_cast -> other_end_uses,USGS value 1,84.0,1.0,1.0,3.0,60.122416732530354,0.7157430563396471
131,import_mill_semifinished_products -> rolling,USGS value 1,1100.0,1.0,1.0,3.0,55.0,0.05
132,import_mill_semifinished_products -> extrusion,USGS value 1,0.0,1.0,1.0,3.0,0.7157430563396471,715743056.339647
133,import_mill_semifinished_products -> drawing,USGS value 1,229.5269584770069,1.0,1.0,3.0,11.476347923850346,0.05
134,import_mill_semifinished_products -> other_milling_processes,USGS value 1,0.0,1.0,1.0,3.0,0.7157430563396471,715743056.339647
135,import_mill_semifinished_products -> sheet_plate,USGS value 1,0.0,1.0,1.0,3.0,0.7157430563396471,715743056.339647
136,import_mill_semifinished_products -> foil,USGS value 1,205.0,1.0,1.0,3.0,10.25,0.05
137,import_mill_semifinished_products -> extruded_products,USGS value 1,0.0,1.0,1.0,3.0,0.7157430563396471,715743056.339647
138,import_mill_semifinished_products -> wire,USGS value 1,312.0,1.0,1.0,3.0,15.600000000000001,0.05
139,import_mill_semifinished_products -> forging_impacts,USGS value 1,0.0,1.0,1.0,3.0,0.7157430563396471,715743056.339647
140,import_mill_semifinished_products -> powerder_paste,USGS value 1,15.0,1.0,1.0,3.0,0.75,0.05
141,rolling -> scrap_rolling,USGS value 1,1600.0,1.0,1.0,3.0,1145.1888901434354,0.7157430563396471
142,rolling -> sheet_plate,USGS value 1,4512.0,1.0,1.0,3.0,3229.4326702044877,0.7157430563396471
143,rolling -> foil,USGS value 1,631.0,1.0,1.0,3.0,451.6338685503173,0.7157430563396471
144,rolling -> export_milling_semifinished_products,USGS value 1,1111.0,1.0,1.0,3.0,795.1905355933479,0.7157430563396471
145,scrap_rolling -> forming_scrap_generated,USGS value 1,1600.0,1.0,1.0,3.0,1145.1888901434354,0.7157430563396471
146,extrusion -> scrap_extrusion,USGS value 1,738.0,1.0,1.0,3.0,528.2183755786596,0.7157430563396471
147,extrusion -> extruded_products,USGS value 1,2444.0,1.0,1.0,3.0,1749.2760296940974,0.7157430563396471
148,extrusion -> export_milling_semifinished_products,USGS value 1,229.0,1.0,1.0,3.0,163.90515990177917,0.7157430563396471
149,scrap_extrusion -> forming_scrap_generated,USGS value 1,738.0,1.0,1.0,3.0,528.2183755786596,0.7157430563396471
150,drawing -> scrap_drawing,USGS value 1,118.0,1.0,1.0,3.0,84.45768064807835,0.7157430563396471
151,drawing -> wire,USGS value 1,451.0,1.0,1.0,3.0,322.8001184091808,0.7157430563396471
152,drawing -> export_milling_semifinished_products,USGS value 1,41.0,1.0,1.0,3.0,29.34546530992553,0.7157430563396471
153,scrap_drawing -> forming_scrap_generated,USGS value 1,118.0,1.0,1.0,3.0,84.45768064807835,0.7157430563396471
154,other_milling_processes -> scrap_other_milling_processes,USGS value 1,209.0,1.0,1.0,3.0,149.59029877498625,0.7157430563396472
155,other_milling_processes -> forging_impacts,USGS value 1,200.0,1.0,1.0,3.0,143.14861126792943,0.7157430563396471
156,other_milling_processes -> powerder_paste,USGS value 1,55.0,1.0,1.0,3.0,39.365868098680586,0.7157430563396471
157,other_milling_processes -> export_milling_semifinished_products,USGS value 1,0.0,1.0,1.0,3.0,0.7157430563396471,715743056.339647
158,scrap_other_milling_processes -> forming_scrap_generated,USGS value 1,209.0,1.0,1.0,3.0,149.59029877498625,0.7157430563396472
159,sheet_plate -> scrap_sheet_plate,USGS value 1,788.0,1.0,1.0,3.0,564.0055283956419,0.7157430563396471
160,sheet_plate -> building_construction,USGS value 1,557.0,1.0,1.0,3.0,398.66888238118344,0.7157430563396471
161,sheet_plate -> transportation_auto,USGS value 1,888.0,4.0,3.0,4.0,86.26145491212155,0.09714127805419094
162,sheet_plate -> transportation_other,Other literature,662.0,1.0,1.0,3.0,473.82190329684636,0.7157430563396471
162,sheet_plate -> transportation_other,USGS value 1,604.0,4.0,3.0,4.0,58.67333194473133,0.09714127805419094
163,sheet_plate -> machine_industry,USGS value 1,287.0,4.0,3.0,4.0,27.8795468015528,0.09714127805419094
164,sheet_plate -> electrical_equipment,USGS value 1,153.0,4.0,3.0,4.0,14.862615542291215,0.09714127805419094
165,sheet_plate -> consumer_durables,USGS value 1,285.0,4.0,3.0,4.0,27.68526424544442,0.09714127805419094
166,sheet_plate -> container_packages,USGS value 1,1706.0,4.0,3.0,4.0,165.72302036044974,0.09714127805419094
167,sheet_plate -> other_end_uses,USGS value 1,33.0,4.0,3.0,4.0,3.205662175788301,0.09714127805419094
168,scrap_sheet_plate -> fabrication_scrap_generated,USGS value 1,788.0,4.0,3.0,4.0,76.54732710670247,0.09714127805419095
169,foil -> scrap_foil,USGS value 1,31.0,1.0,1.0,3.0,22.18803474652906,0.7157430563396471
170,foil -> building_construction,USGS value 1,17.0,1.0,1.0,3.0,12.167631957774,0.7157430563396471
171,foil -> transportation_auto,USGS value 1,36.0,4.0,3.0,4.0,3.497086009950874,0.09714127805419094
172,foil -> transportation_other,Other literature,27.0,1.0,1.0,3.0,19.32506252117047,0.715743056339647
172,foil -> transportation_other,USGS value 1,11.0,4.0,3.0,4.0,1.0685540585961004,0.09714127805419094
173,foil -> machine_industry,USGS value 1,3.0,4.0,3.0,4.0,0.29142383416257284,0.09714127805419094
174,foil -> electrical_equipment,USGS value 1,5.0,4.0,3.0,4.0,0.4857063902709547,0.09714127805419094
175,foil -> consumer_durables,USGS value 1,137.0,4.0,3.0,4.0,13.30835509342416,0.09714127805419094
176,foil -> container_packages,USGS value 1,423.0,4.0,3.0,4.0,41.090760616922765,0.09714127805419093
177,foil -> other_end_uses,USGS value 1,1.0,4.0,3.0,4.0,0.09714127805419094,0.09714127805419094
178,scrap_foil -> fabrication_scrap_generated,USGS value 1,31.0,4.0,3.0,4.0,3.011379619679919,0.09714127805419094
179,extruded_products -> scrap_extruded_products,USGS value 1,103.0,1.0,1.0,3.0,73.72153480298365,0.7157430563396472
180,extruded_products -> building_construction,USGS value 1,915.0,4.0,3.0,4.0,88.88426941958471,0.09714127805419094
181,extruded_products -> transportation_auto,USGS value 1,284.0,4.0,3.0,4.0,27.588122967390227,0.09714127805419094
182,extruded_products -> transportation_other,Other literature,212.0,1.0,1.0,3.0,151.7375279440052,0.7157430563396472
182,extruded_products -> transportation_other,USGS value 1,480.0,4.0,3.0,4.0,46.62781346601165,0.09714127805419094
183,extruded_products -> machine_industry,USGS value 1,237.0,4.0,3.0,4.0,23.022482898843254,0.09714127805419094
184,extruded_products -> electrical_equipment,USGS value 1,243.0,4.0,3.0,4.0,23.605330567168398,0.09714127805419094
185,extruded_products -> consumer_durables,USGS value 1,247.0,4.0,3.0,4.0,23.99389567938516,0.09714127805419094
186,extruded_products -> other_end_uses,USGS value 1,39.0,4.0,3.0,4.0,3.7885098441134466,0.09714127805419094
187,scrap_extruded_products -> fabrication_scrap_generated,USGS value 1,103.0,4.0,3.0,4.0,10.005551639581666,0.09714127805419094
188,wire -> building_construction,USGS value 1,15.422128,1.0,1.0,3.0,11.038281029981249,0.7157430563396471
189,wire -> transportation_other,USGS value 1,12.246984,4.0,3.0,4.0,1.1896876780692276,0.09714127805419094
190,wire -> machine_industry,USGS value 1,8.618248,4.0,3.0,4.0,0.837187625307975,0.09714127805419094
191,wire -> electrical_equipment,USGS value 1,407.325616,4.0,3.0,4.0,39.56813092245061,0.09714127805419094
192,wire -> consumer_durables,USGS value 1,10.0,4.0,3.0,4.0,0.9714127805419094,0.09714127805419094
193,wire -> other_end_uses,USGS value 1,5.0,4.0,3.0,4.0,0.4857063902709547,0.09714127805419094
194,forging_impacts -> transportation_auto,USGS value 1,33.03446076315101,4.0,3.0,4.0,3.209009738363513,0.09714127805419094
195,forging_impacts -> transportation_other,USGS value 1,93.06411523684899,4.0,3.0,4.0,9.040367095090016,0.09714127805419094
196,forging_impacts -> machine_industry,USGS value 1,4.53592,4.0,3.0,4.0,0.44062506595156575,0.09714127805419094
197,forging_impacts -> electrical_equipment,USGS value 1,0.453592,4.0,3.0,4.0,0.04406250659515658,0.09714127805419094
198,forging_impacts -> consumer_durables,USGS value 1,9.979023999999999,4.0,3.0,4.0,0.9693751450934446,0.09714127805419094
199,forging_impacts -> container_packages,USGS value 1,0.0,4.0,3.0,4.0,0.09714127805419094,97141278.05419093
200,forging_impacts -> other_end_uses,USGS value 1,4.53592,4.0,3.0,4.0,0.44062506595156575,0.09714127805419094
201,powerder_paste -> other_end_uses,USGS value 1,55.0,4.0,3.0,4.0,5.342770292980502,0.09714127805419094
202,import_finished_consumption -> building_construction,USGS value 1,204.0,4.0,3.0,4.0,10.200000000000001,0.05
203,import_finished_consumption -> transportation_auto,USGS value 1,656.0,1.0,3.0,2.0,32.800000000000004,0.05000000000000001
204,import_finished_consumption -> transportation_other,USGS value 1,225.0,1.0,3.0,2.0,11.25,0.05
205,import_finished_consumption -> machine_industry,USGS value 1,241.0,1.0,3.0,2.0,12.05,0.05
206,import_finished_consumption -> electrical_equipment,USGS value 1,516.0,1.0,3.0,2.0,25.8,0.05
207,import_finished_consumption -> consumer_durables,USGS value 1,911.0,1.0,3.0,2.0,45.550000000000004,0.05
208,import_finished_consumption -> container_packages,USGS value 1,0.0,1.0,3.0,2.0,0.6304268171420774,630426817.1420773
209,import_finished_consumption -> other_end_uses,USGS value 1,0.0,1.0,3.0,2.0,0.6304268171420774,630426817.1420773
210,building_construction -> export_finished_consumption,USGS value 1,55.0,1.0,3.0,2.0,34.67347494281426,0.6304268171420775
211,building_construction -> consumption_building_construction,USGS value 1,1674.51826026986,1.0,3.0,2.0,1055.6612170682167,0.6304268171420775
212,transportation_auto -> export_finished_consumption,USGS value 1,802.0,1.0,1.0,3.0,574.025931184397,0.7157430563396471
213,transportation_auto -> consumption_transportation_auto,USGS value 1,2736.963739955534,1.0,3.0,2.0,1725.4553392134437,0.6304268171420774
214,transportation_other -> export_finished_consumption,USGS value 1,226.0,1.0,1.0,3.0,161.75793073276023,0.7157430563396471
215,transportation_other -> consumption_transportation_other,USGS value 1,1464.779895135754,1.0,3.0,2.0,923.4365271041393,0.6304268171420774
216,machine_industry -> export_finished_consumption,USGS value 1,133.0,1.0,1.0,3.0,95.19382649317306,0.7157430563396471
217,machine_industry -> consumption_machine_industry,USGS value 1,1563.329674932784,1.0,3.0,2.0,985.5649511116335,0.6304268171420774
218,electrical_equipment -> export_finished_consumption,USGS value 1,270.0,1.0,1.0,3.0,193.25062521170472,0.7157430563396471
219,electrical_equipment -> consumption_electrical_equipment,USGS value 1,1160.774041485902,1.0,3.0,2.0,731.7830843951028,0.6304268171420774
220,consumer_durables -> export_finished_consumption,USGS value 1,209.0,1.0,1.0,3.0,149.59029877498625,0.7157430563396472
221,consumer_durables -> consumption_consumer_durables,USGS value 1,949.1801201058629,1.0,3.0,2.0,598.3886020128739,0.6304268171420774
222,container_packages -> export_finished_consumption,USGS value 1,0.0,1.0,1.0,3.0,0.7157430563396471,715743056.339647
223,container_packages -> consumption_container_packages,USGS value 1,2129.160848,1.0,3.0,2.0,1342.2800965881663,0.6304268171420774
224,other_end_uses -> export_finished_consumption,USGS value 1,0.0,1.0,1.0,3.0,0.7157430563396471,715743056.339647
225,other_end_uses -> consumption_other_end_uses,USGS value 1,342.915552,1.0,3.0,2.0,216.18315999587853,0.6304268171420774
226,eol_scrap_building_construction -> eol_scrap_generated,Other literature,795.0,1.0,1.0,1.0,795.0,1.0
226,eol_scrap_building_construction -> eol_scrap_generated,USGS value 1,207.0,1.0,1.0,3.0,148.15881266230696,0.7157430563396472
227,eol_scrap_transportation_auto -> eol_scrap_generated,USGS value 1,1402.0,1.0,1.0,3.0,1003.4717649881852,0.7157430563396471
228,eol_scrap_transportation_other -> eol_scrap_generated,USGS value 1,441.0,1.0,1.0,3.0,315.64268784578434,0.7157430563396471
229,eol_scrap_machine_industry -> eol_scrap_generated,USGS value 1,224.0,1.0,1.0,3.0,160.32644462008093,0.7157430563396471
230,eol_scrap_electrical_equipment -> eol_scrap_generated,USGS value 1,287.0,1.0,1.0,3.0,205.41825716947872,0.7157430563396471
231,eol_scrap_consumer_durables -> eol_scrap_generated,USGS value 1,754.0,1.0,1.0,3.0,539.6702644800939,0.7157430563396471
232,eol_scrap_container_packages -> eol_scrap_generated,USGS value 1,1608.0,4.0,3.0,4.0,156.20317511113905,0.09714127805419095
233,eol_scrap_other_end_uses -> eol_scrap_generated,USGS value 1,247.0,1.0,1.0,3.0,176.78853491589282,0.7157430563396471
