flow_idx,flow_label,total_precision,share_observations,share_prior,share_mass_balance,share_allocation,share_aggregate_observations,n_observations,sources,obs_min,obs_max,obs_spread_pct,determined_by,posterior_mean,posterior_sd,prior_mean,prior_sd,contraction,shift_in_prior_sd
0,bauxite_mining -> bauxite,0.0010765646803161514,0.3279608296744773,0.5257515702733448,0.14628760005217786,0.0,0.0,1,observation_2022,164.00915,164.00915,0.0,prior-informed,197.99994729867805,39.93627100613687,229.89165605096335,63.19658473332025,0.600655411250533,-0.5046429152281463
1,import_of_bauxite -> bauxite,0.0005395359284850101,0.06890384766602344,0.6392007380163269,0.29189541431764976,0.0,0.0,1,observation_2022,3280.183,3280.183,0.0,prior-informed,3734.075821415498,109.63062158017894,4353.45381563838,181.6023479782521,0.6355643666506317,-3.4106276770003854
2,bauxite -> export_bauxite,3.080556777536754,0.955565926918261,0.04428697146625337,5.1123246464010637e-05,9.597836902156894e-05,0.0,1,observation_2022,6.0,6.0,0.0,observation-driven,7.080601215393614,0.5683853336701368,32.82196449108579,2.757666018073857,0.9575182507432595,-9.334474554562522
3,bauxite -> bauxite_non_aluminum_use,0.001360966131852055,0.2594267685958142,0.4174885927641147,0.11571784168506387,0.20736679695500723,0.0,1,observation_2022,164.00915,164.00915,0.0,prior-informed,199.31753596035728,32.70758528737167,228.35278509822302,63.80389905484051,0.7372138171518926,-0.45507013784391875
4,bauxite -> bauxite_refining_to_alumina,0.0010183997846209888,0.0006724173095907565,0.6724318920896146,0.3260002847064152,0.0008954058943796487,0.0,1,observation_2022,3280.183,3280.183,0.0,prior-informed,3689.1488858126604,116.73000608400322,4323.083475070617,204.95452383237895,0.6756230402822064,-3.0930499966734915
5,import_alumina -> primary_smelting_hall_hauroult_to_aluminum,0.0026031133282248924,0.0,0.7526561994841117,0.2473438005158883,0.0,0.0,0,,,,,prior-informed,1299.2142769504462,53.163234911788706,1316.6145607598844,56.47715628035028,0.11391138533573286,-0.30809419162437796
6,bauxite_refining_to_alumina -> waste_bauxite,0.0005716533153562923,0.003960035488175855,0.6347500053669898,0.3052734090035633,0.056016550141271104,0.0,1,observation_2022,1804.10065,1804.10065,0.0,prior-informed,2056.8001782998094,108.72919329038189,2320.9555161767867,236.55698831640098,0.7887383016359221,-1.1166668114816491
7,bauxite_refining_to_alumina -> export_alumina,0.004852895910737985,0.7212617496939312,0.20665238915677517,0.03596008642197857,0.03612577472731505,0.0,1,observation_2022,174.0,174.0,0.0,observation-driven,225.85196812694042,15.049536885948948,464.77139522715703,39.384366033577514,0.8539846366975772,-6.066351985874892
8,bauxite_refining_to_alumina -> alumina_non_aluminum_use,0.0009928857210643573,0.1924927527698854,0.48079572421633204,0.17576096890579904,0.15095055410798353,0.0,1,observation_2022,744.628,744.628,0.0,prior-informed,732.1450941739239,44.41687749257658,779.4436423141839,91.43173699477364,0.7640053770500428,-0.517309959264622
9,bauxite_refining_to_alumina -> primary_smelting_hall_hauroult_to_aluminum,0.0036074123847159544,0.09453180805835741,0.6365834643495701,0.2268591480117543,0.0420255795803182,0.0,1,observation_2022,557.45435,557.45435,0.0,prior-informed,648.8804670200249,34.450370673937364,758.0083207957487,61.8228600429095,0.6894799744026245,-1.7651699339044042
10,primary_smelting_hall_hauroult_to_aluminum -> waste_alumina,0.002320397666395542,0.0017347531647033613,0.7052789117693711,0.27747999970059994,0.015506335365325629,0.0,1,observation_2022,1352.934,1352.934,0.0,prior-informed,978.9107656385385,69.947980661308,971.9884845900453,174.8128400313935,0.8398954384337567,0.039598241452115254
11,primary_smelting_hall_hauroult_to_aluminum -> remelting,0.002992716463006123,0.0023333733171428447,0.5896519006513207,0.2276132182966946,0.0182866865589339,0.16211482117590792,1,observation_2022,528.7105257,528.7105257,0.0,prior-informed,685.4206272440504,53.831385784642386,790.3914932944954,127.59996216017461,0.8220204809434768,-0.8226559340094194
12,primary_smelting_hall_hauroult_to_aluminum -> refining,0.004301682356785986,0.004109738657330384,0.6184838907832848,0.2304868834559475,0.034134847515840165,0.11278463958759723,1,observation_2022,332.2894743,332.2894743,0.0,prior-informed,278.1869717860731,48.67938325724281,313.1389931216936,99.9526745216045,0.7628073125454005,-0.3496857037884034
13,import_unwrought_aluminum_ingot -> remelting,0.0002350704375274599,0.21249674465759405,0.4053859980058905,0.15875191372482628,0.09557022984318367,0.1277951137685055,1,observation_2022,2829.794168,2829.794168,0.0,prior-informed,2977.6410356431697,83.69811112098469,3592.2142315800734,193.3548994249822,0.8126209849353119,-3.178472320921693
14,import_unwrought_aluminum_ingot -> refining,0.001741070646635772,0.13181362504579625,0.5854216790169138,0.19965727233873135,0.06585318215494958,0.017254241443609028,1,observation_2022,1320.205832,1320.205832,0.0,prior-informed,1379.1028196771176,43.555003631321405,1589.0230093686755,92.16070924774019,0.776650753363813,-2.2777623067902466
15,remelting -> loss_remelting,0.0002843395366283626,0.0,0.6146628795445381,0.1312440832538589,0.2540930372016029,0.0,0,,,,,prior-informed,106.001928912567,60.01003241084504,159.91037255540172,97.58075228309573,0.6218018511222003,-0.5524495597906297
16,remelting -> wrought_aluminum_ingot,0.00022289089931645133,0.0005157890706778036,0.6609137234163515,0.3384834593579824,8.702815498833215e-05,0.0,1,observation_2022,8005.61,8005.61,0.0,prior-informed,8716.921960582295,371.89853739988376,9778.56276562939,777.4528101134325,0.7711763728646694,-1.3655372920861888
17,refining -> loss_refining,0.0022802780546734083,0.0,0.5623807052905646,0.15244518778922195,0.2851741069202133,0.0,0,,,,,prior-informed,89.33534471812622,30.137030554118116,89.07317259744157,52.077583598075535,0.6651122455707132,0.005034260473912259
18,refining -> cast_aluminum_ingot,0.002605497732741186,0.0004560535065599423,0.7191007405976588,0.28015484367346805,0.00028836222231298173,0.0,1,observation_2022,2490.138,2490.138,0.0,prior-informed,2459.569078234531,80.88636636799704,2607.210044408985,131.399744943028,0.6210677156882816,-1.123601619154345
19,alloying_element_si -> remelting,0.0002985175834284264,0.0,0.6160408284700655,0.12501066566674773,0.25894850586318685,0.0,0,,,,,prior-informed,373.26259961898586,80.87360116267438,319.23877033415454,92.99206685655929,0.24365182586770218,0.5809509467959599
20,alloying_element_si -> refining,0.002010865465780983,0.0,0.6079886731121318,0.17286955401629578,0.21914177287157238,0.0,0,,,,,prior-informed,172.28193522602672,38.78990835121946,131.39093922059712,53.7558867456049,0.47930255527113275,0.7606794061261182
21,alloying_element_mg -> remelting,0.0009579717848641322,0.0,0.9399822689268589,0.03895509492788373,0.02106263614525743,0.0,0,,,,,prior-informed,106.56247397982737,34.16834413378682,80.73564793856336,35.185223418934285,0.05696624330561506,0.734024784602214
22,alloying_element_mg -> refining,9.709781511326627,0.0,0.9504238099825678,3.580074544940354e-05,0.049540389271982815,0.0,0,,,,,prior-informed,0.4733889414821213,0.2768851632774928,0.42571222774303297,0.33398663547138563,0.3127081526593958,0.14275036386350567
23,alloying_element_other -> remelting,0.01920306187921561,0.0,0.4949935980829985,0.001943329769613845,0.5030630721473877,0.0,0,,,,,structure-determined,22.518230290682386,8.269440411108933,20.86220822101034,10.410000763705632,0.3689689615369657,0.15907991817308498
24,alloying_element_other -> refining,0.020652864638738395,0.0,0.5098545904061453,0.016831438269551552,0.473313971324303,0.0,0,,,,,prior-informed,26.302773306250803,8.356270235263215,20.7178737267433,10.345596927301678,0.3476001617801998,0.5398334787980328
25,import_scrap -> eol_scrap_generated,0.0017230074667846601,0.4947567053592639,0.44747832086739314,0.05776497377334288,0.0,0.0,1,observation_2022,685.0,685.0,0.0,prior-informed,710.2636872220975,26.787300027598373,719.2217609663195,44.30134096525404,0.6343848867742161,-0.20220773342386908
26,eol_scrap_generated -> export_eol_scrap,0.0006028386705566386,0.16588186007985148,0.6161762722511313,0.1651013546264178,0.05284051304259946,0.0,1,observation_2022,2000.0,2000.0,0.0,prior-informed,1734.2165288503747,64.65580595998878,1572.6152036440599,95.28251039432442,0.5395434262209615,1.696022958857104
27,eol_scrap_generated -> loss_eol_scrap,0.0003720187725141807,0.0,0.6951515594387665,0.26753886761533235,0.037309572945901266,0.0,0,,,,,prior-informed,1771.6861055900015,228.79054286449724,1790.146797151055,534.4156890375746,0.8167188763379756,-0.03454369312079729
28,eol_scrap_generated -> eol_scrap_recycled,0.0031421551544495363,0.0133404506099924,0.6879532079270657,0.293461065914531,0.005245275548410804,0.0,1,observation_2022,1590.0,1590.0,0.0,prior-informed,1909.1072439828974,104.9197137735816,2033.860680524858,187.13560928948561,0.6856587880817264,-0.6666472352088575
29,eol_scrap_recycled -> remelting,0.0028182359071019496,0.0,0.6909166196239863,0.30511590580980374,0.0039674745662100575,0.0,0,,,,,prior-informed,1273.7340222775072,106.7521490458616,1404.576836394358,243.2560066746475,0.8074133817258843,-0.5378811232885682
30,eol_scrap_recycled -> refining,0.004003977489018516,0.0,0.6941005631469536,0.2922564223273601,0.013643014525686437,0.0,0,,,,,prior-informed,641.3616548270198,80.45979788530501,632.795433638091,186.62411379845733,0.8141244110170353,0.045900934314307335
31,forming_scrap_generated -> loss_forming_scrap,0.0034873923666663216,0.0,0.409960981463101,0.20411186482851842,0.38592715370838054,0.0,0,,,,,structure-determined,63.67233258250756,23.243065452687716,72.9913406393503,43.48044643549351,0.7142417212492698,-0.21432641154382315
32,forming_scrap_generated -> forming_scrap_recycled,0.0033194434849914186,0.00013553201468160145,0.5544644459003746,0.4450711216310645,0.00032890045387930754,0.0,1,observation_2022,2083.0,2083.0,0.0,prior-informed,2327.098883898682,308.4603336489564,2700.7063515181785,732.2215383684215,0.822534617724884,-0.5102382927057711
33,forming_scrap_recycled -> remelting,0.001813341800873451,0.0,0.5572328354061191,0.4427671369721572,2.7621723641016835e-08,0.0,0,,,,,prior-informed,2342.420064204192,309.4765736485185,2708.0352352852497,732.2067849349634,0.821356153168081,-0.49933321925381047
34,forming_scrap_recycled -> refining,8.616653227977029,0.0,0.9996931785044596,0.00012919026245004577,0.00017763123309030808,0.0,0,,,,,prior-informed,0.48108639349334603,0.28372793952010955,0.46402574315068906,0.34526955627103645,0.3247141726334478,0.04941255327262148
35,fabrication_scrap_generated -> loss_fabrication_scrap,0.016264588358935995,0.0,0.5525230906535638,0.1665189198183778,0.2809579895280585,0.0,0,,,,,prior-informed,38.33860987466385,12.286767958631879,42.334241975025186,24.586037510787545,0.7502541770932285,-0.16251631026789828
36,fabrication_scrap_generated -> fabrication_scrap_recycled,0.02053569297639007,0.0,0.7252898459304364,0.2742366008685688,0.00047355320099471505,0.0,0,,,,,prior-informed,885.6471214336851,58.66122422571625,918.0766919992569,74.40871011263857,0.3784805954609519,-0.43583030153970537
37,fabrication_scrap_recycled -> remelting,0.01079223659393383,0.0,0.7256735153240327,0.2743263464949332,1.381810341820029e-07,0.0,0,,,,,prior-informed,894.6437438158398,59.41811121272534,918.606914368421,75.2844672017521,0.3770876774695362,-0.3183016556172631
38,fabrication_scrap_recycled -> refining,8.589988859073609,0.0,0.998939283347935,0.00038077981513403886,0.0006799368369309356,0.0,0,,,,,prior-informed,0.6518545477759126,0.3129012284695697,0.4619538074389556,0.3459404447529561,0.18188970541551364,0.5489405567266625
39,wrought_aluminum_ingot -> 1xxx,0.004036571077539882,0.0,0.7303752921834537,0.2680927708080999,0.0015319370084464431,0.0,0,,,,,prior-informed,1431.0292895501498,256.4801917564787,1508.989670337309,555.7608007330019,0.7870234261678412,-0.1402768613481484
40,wrought_aluminum_ingot -> 2xxx,0.4257317102410412,0.0,0.7107650116245595,0.2891453974054576,8.959096998292189e-05,0.0,0,,,,,prior-informed,156.5416363772718,35.80634141700108,155.71878993688455,40.46565115472585,0.2170269204086286,0.02033444209858352
41,wrought_aluminum_ingot -> 3xxx,0.0032372641346736656,0.0,0.688560734016189,0.3100618981222897,0.0013773678615213662,0.0,0,,,,,prior-informed,1624.3391001014843,318.1462960342592,1842.6335153526027,662.6121161940779,0.7694659940621575,-0.3294452514767785
42,wrought_aluminum_ingot -> 4xxx,1.2551990148069407,0.0,0.7795193438564606,0.22044982390954032,3.083223399911814e-05,0.0,0,,,,,prior-informed,92.92442144343255,23.343659813702093,83.62759336576694,26.436440413143274,0.22029209974521813,0.3516671659412797
43,wrought_aluminum_ingot -> 5xxx,0.004036025280394505,0.0,0.3188395112463509,0.6804717451485329,0.0006887436051160602,0.0,0,,,,,structure-determined,2107.482776299052,360.971365775351,2383.6480259876157,920.9439327571614,0.846368905994482,-0.299871946451472
44,wrought_aluminum_ingot -> 6xxx,0.0010856756651109118,0.0,0.7293039266691258,0.2676989551047757,0.00299711822609839,0.0,0,,,,,prior-informed,2798.896367303054,308.39204524694645,3154.510914914654,659.2252480115873,0.7811539714100599,-0.5394431549523261
45,wrought_aluminum_ingot -> 7xxx,0.03580036518740978,0.0,0.738431982416003,0.26057877560485815,0.0009892419791387391,0.0,0,,,,,prior-informed,485.44412365166795,76.0644900175082,507.847912767252,93.67046507857084,0.34058539383885855,-0.23917666146732322
46,wrought_aluminum_ingot -> 8xxx,1.4026507558695744,0.0,0.7027779906382167,0.29719438783439023,2.7621527393084044e-05,0.0,0,,,,,prior-informed,70.42860266335165,21.226696738070537,78.0862416499044,25.968685253849458,0.33186395001707036,-0.2948797334827574
47,cast_aluminum_ingot -> 36x,0.480365417946264,0.0,0.7077277409270439,0.2913259480126205,0.0009463110603355632,0.0,0,,,,,prior-informed,131.79799995434414,11.688116882130913,142.6776795698547,12.424244843614217,0.11498814338789043,-0.875681359507533
48,cast_aluminum_ingot -> 38x,0.006965710866366706,0.0,0.6900043878075742,0.2934096765793578,0.016585935613067974,0.0,0,,,,,prior-informed,1197.339334162078,64.59822484605112,1303.0434011914995,117.5240631338045,0.697874367964862,-0.8994248855153542
49,cast_aluminum_ingot -> 2xx,270.96596374388025,0.0,0.7388581662202451,0.2611400082082215,1.8255715334093195e-06,0.0,0,,,,,prior-informed,5.922494285247995,0.4166786726912299,5.7820798815133125,0.4246727941735002,0.03729403041110246,0.33064139182251573
50,cast_aluminum_ingot -> 3xx,0.031462906587972926,0.0,0.7399988837322415,0.24938630080935265,0.01061481545840582,0.0,0,,,,,prior-informed,549.9665446133878,31.005138016854225,554.7399813945599,41.29863189437014,0.4363675251816217,-0.11558341190045153
51,cast_aluminum_ingot -> 4xx,152.96019348082493,0.0,0.7365748689950239,0.26342190101600305,3.2299889729718985e-06,0.0,0,,,,,prior-informed,7.960627008745439,0.5508751279563519,7.857393351354816,0.5729191641777728,0.07547293488741713,0.18018887104043463
52,cast_aluminum_ingot -> 5xx,4.778860100421096,0.0,0.7335694205569402,0.26632945234946404,0.00010112709359565255,0.0,0,,,,,prior-informed,45.000482708716454,3.1583664659874007,44.685526862758636,3.2715498126891394,0.06799559446614578,0.0962711448672494
53,cast_aluminum_ingot -> 7xx,146.60763385006635,0.0,0.7465463840790582,0.25345024625285917,3.369668082686473e-06,0.0,0,,,,,prior-informed,8.091212782685748,0.5815750433176973,7.996742155764201,0.5911222057994315,0.03204097122476535,0.15981573013956601
54,cast_aluminum_ingot -> other,0.12208312143300337,0.0,0.7159452026369085,0.2806609040241355,0.003393893338955917,0.0,0,,,,,prior-informed,267.7219355006759,17.140471408187597,280.10223539297266,19.542479304868827,0.23071688085110742,-0.6335071256394947
55,36x -> die_cast,0.48229166355834296,0.0,0.7084587224257022,0.29154127757429793,0.0,0.0,0,,,,,prior-informed,131.63777525324357,11.683057336729814,142.71675487601877,12.40373166347165,0.1128270503830271,-0.8931972992774599
56,38x -> die_cast,0.008187759488222989,0.0,0.6691617581218634,0.33083824187813654,0.0,0.0,0,,,,,prior-informed,1207.2386393378765,65.71080287245596,1304.326330751646,117.77117160534735,0.6886882189584982,-0.8243756947507631
57,2xx -> sand_cast,313.39839036065956,0.0,0.6932436472844072,0.22580798420881917,0.08094836850677353,0.0,0,,,,,prior-informed,1.9219858959978233,0.1687850889036261,1.9275870665916748,0.22914924455560334,0.45746058600896533,-0.024443329956046728
58,3xx -> sand_cast,0.07035306562499173,0.0,0.7399562351169999,0.2224665428759753,0.03757722200702472,0.0,0,,,,,prior-informed,189.0660060716049,14.229584091458642,186.43316276433228,22.141008533633418,0.5869623753915401,0.11891252845475345
59,4xx -> sand_cast,178.1601361310078,0.0,0.69178045240609,0.2262058763934904,0.08201367120041968,0.0,0,,,,,prior-informed,2.7080458486706607,0.2232743759680812,2.615375270615681,0.3109376983646081,0.48437851005303834,0.2980358397916524
60,5xx -> sand_cast,5.540676129340429,0.0,0.6846301124093812,0.2311190816626794,0.08425080592793953,0.0,0,,,,,prior-informed,14.99607710950316,1.2616097515448383,14.897199490731767,1.7469404743282833,0.47845250908539605,0.05660045103105908
61,7xx -> sand_cast,168.04252952618052,0.0,0.6958612272103784,0.2211674972523053,0.08297127553731637,0.0,0,,,,,prior-informed,2.5637307970083656,0.22722418890605803,2.6607291506722435,0.3158541843741149,0.4824696134526544,-0.3070985235040855
62,other -> sand_cast,0.1823516186008083,0.0,0.6907483104418537,0.23070124056975225,0.07855044898839406,0.0,0,,,,,prior-informed,83.1091390908299,6.876183950090351,85.02415867147519,10.019272279998887,0.5289981481576732,-0.19113360003881494
63,2xx -> permanent_semi_permanent_mold_cast,279.14441795274075,0.0,0.7236701294200033,0.2535075259505238,0.022822344629472975,0.0,0,,,,,prior-informed,4.016100405881982,0.3107441903133076,3.855112716230267,0.40172601558973015,0.40166264000135365,0.4007400153445038
64,3xx -> permanent_semi_permanent_mold_cast,0.047892983573858704,0.0,0.714299597360495,0.271505318506279,0.014195084133225944,0.0,0,,,,,prior-informed,359.58328062413716,24.38711291126799,368.45713755306986,38.66934653666276,0.6022711340737497,-0.22948039529241365
65,4xx -> permanent_semi_permanent_mold_cast,157.90783339934399,0.0,0.7216751997349974,0.2552009033424855,0.0231238969225171,0.0,0,,,,,prior-informed,5.208467561145096,0.41114810901345844,5.2429457675893545,0.5407184175221199,0.42183170915768486,-0.06376369904738392
66,5xx -> permanent_semi_permanent_mold_cast,4.9575336077929215,0.0,0.71858189363771,0.2577709152115113,0.02364719115077866,0.0,0,,,,,prior-informed,29.701629641893696,2.3826257877705395,29.793813490004396,3.091221998000252,0.4059113089808516,-0.0298211672181212
67,7xx -> permanent_semi_permanent_mold_cast,151.89263280282142,0.0,0.732410665893355,0.2446655706597955,0.022923763446849498,0.0,0,,,,,prior-informed,5.464492523223862,0.4382587670456972,5.335084347726071,0.5485515775683046,0.3616978776720349,0.23590885668663944
68,other -> permanent_semi_permanent_mold_cast,0.14272999239650225,0.0,0.694047343907243,0.27619101240274996,0.029761643690007066,0.0,0,,,,,prior-informed,161.88095617938623,12.479061537787643,169.87911075530403,18.038928536016645,0.5214334094258857,-0.4433830180073404
69,other -> other_cast,5.819532341296468,0.0,0.7091988021208464,0.28474366482980157,0.006057533049352067,0.0,0,,,,,prior-informed,22.627710810219227,2.5821211891675047,25.14098450400209,3.0430374389522385,0.279989794896253,-0.8259095539252452
70,cast_aluminum_ingot -> export_cast_aluminum_ingot,0.009598808090607812,0.12266835901976417,0.20054580344486664,0.039830507094464014,0.04355069495657836,0.5934046354843269,1,observation_2022,300.0,300.0,0.0,structure-determined,254.4956947181494,14.93362404426292,267.6259624585081,32.686296042498434,0.7912632065084717,-0.40170558705357357
71,wrought_aluminum_ingot -> export_wrought_aluminum_ingot,0.005874113242822854,0.0,0.017357461065225257,0.0064906819576575755,0.006477460071230036,0.9696743969058871,0,,,,,structure-determined,18.074300268131662,14.023635245943412,169.17758443584242,186.40045605564623,0.9943398586964336,-0.8106379531743303
72,die_cast -> scrap_cast,0.10118138642822862,0.0,0.26313096675719744,0.7362424439841325,0.0006265892586700537,0.0,0,,,,,structure-determined,413.45546143314334,114.06879856835025,529.2154884024293,253.88090077156048,0.7981291211847162,-0.4559619357639103
73,scrap_cast -> die_cast,0.10113866139447115,0.0,0.2634465376294345,0.7365534623705655,0.0,0.0,0,,,,,structure-determined,413.19890373831834,114.08666995423664,529.2850758326473,253.7891804027685,0.7979198753074039,-0.4574118246888929
74,sand_cast -> scrap_sand_cast,0.2565641719002617,0.0,0.8010621185972359,0.19801396211561156,0.0009239192871524037,0.0,0,,,,,prior-informed,205.09908980799784,54.308313339135395,196.64078487986765,93.83111446858469,0.6650045712399892,0.09014392481677375
75,scrap_sand_cast -> sand_cast,0.25630262623140204,0.0,0.8017839732589627,0.1982160267410373,0.0,0.0,0,,,,,prior-informed,205.95201552790968,54.38787446216415,196.68389538125172,93.84342898170654,0.6641104934331377,0.09876152488486598
76,permanent_semi_permanent_mold_cast -> scrap_semi_permanent_mold_cast,0.5175498580611536,0.0,0.36250722267777236,0.636813526384574,0.0006792509376537029,0.0,0,,,,,structure-determined,158.4989211484885,47.12946963768716,196.70812922789122,93.69012960590658,0.746955195040831,-0.4078253305884408
77,scrap_semi_permanent_mold_cast -> permanent_semi_permanent_mold_cast,0.5169245643480782,0.0,0.3624161571671221,0.637583842832878,0.0,0.0,0,,,,,structure-determined,158.9347793383535,47.18462363391387,196.74695416880397,93.76358193392439,0.7467598215250957,-0.4032714413267282
78,other_cast -> scrap_other_cast,37.760962594951735,0.0,0.7236955443228409,0.2750858838568767,0.001218571820282501,0.0,0,,,,,prior-informed,15.218950636492462,4.270545572742535,16.95201152827758,8.086100712580926,0.7210743658343084,-0.2143259097785785
79,scrap_other_cast -> other_cast,37.70478540580015,0.0,0.7245042596338225,0.2754957403661776,0.0,0.0,0,,,,,prior-informed,15.237180717778433,4.27591487669576,16.954417006312614,8.08656332650649,0.720404538227735,-0.2123567477552979
80,die_cast -> export_cast_semifinished_products,0.22001917409635918,0.0,0.9904221527798451,0.004760232282534669,0.0048176149376202865,0.0,0,,,,,prior-informed,18.541167986191002,2.1750329155884365,17.994872291518558,2.1779150713819653,0.00264495964335576,0.2508342505411841
81,1xxx -> rolling,0.004128135318672742,0.0,0.7274594143394834,0.27067982732935647,0.001860758331160117,0.0,0,,,,,prior-informed,1013.8482255541843,224.15148871843007,1096.748074637916,542.7773311037917,0.8294546617310463,-0.1527327033263284
82,1xxx -> extrusion,0.004962937395831027,0.0,0.7188309079280223,0.27196024479265,0.009208847279327756,0.0,0,,,,,prior-informed,261.7522732913147,96.1761381689101,276.5958503083075,141.20293340375594,0.5360755825596983,-0.1051222992269506
83,1xxx -> drawing,0.05553219831053986,0.0,0.8484389752151346,0.1421087613798944,0.009452263404971059,0.0,0,,,,,prior-informed,109.64080213183917,22.519948815071324,81.93523829211385,27.491647458804405,0.32898339705118074,1.0077811408443769
84,1xxx -> other_milling_processes,0.06993053297482443,0.0,0.7339376336566429,0.2553574343347295,0.010704932008627554,0.0,0,,,,,prior-informed,53.44934067530132,21.27366358434467,56.27330479752844,28.116236328632866,0.4275069692836466,-0.1004389097181995
85,2xxx -> rolling,0.42672008759098556,0.0,0.7090216022353196,0.2885582271774478,0.0024201705872327656,0.0,0,,,,,prior-informed,72.76309147383186,23.47092599596186,74.4028345987459,40.601569922624,0.6658243549127896,-0.04038620004199238
86,2xxx -> extrusion,0.4278415598213322,0.0,0.7091482763468006,0.28834485070031113,0.0025068729528881905,0.0,0,,,,,prior-informed,72.26794474681802,22.96495319926841,72.52075883153483,40.49493315162361,0.6783898425666015,-0.006243104137750158
87,2xxx -> drawing,1.0112534764121883,0.0,0.753665309868356,0.12846215510726447,0.11787253502437953,0.0,0,,,,,prior-informed,4.251212324158422,1.3434647599750043,2.8881594937787756,1.5435986617860513,0.24249802174625612,0.8830357683793914
88,2xxx -> other_milling_processes,0.7008029425753031,0.0,0.6455974777641929,0.19959030136077247,0.1548122208750347,0.0,0,,,,,prior-informed,7.919495109095594,2.2810969304469464,5.939523285412546,3.1304869187323394,0.46903769069677936,0.6324804655260525
89,3xxx -> rolling,0.0033266456604966184,0.0,0.6864592987739248,0.3123205170802819,0.0012201841457934075,0.0,0,,,,,prior-informed,1243.0059953398159,278.43035509014624,1441.149434392954,656.9325537444499,0.8203647364356529,-0.3016191508911231
90,3xxx -> extrusion,0.004117403090825823,0.0,0.6801504907576827,0.30876219272095706,0.011087316521360243,0.0,0,,,,,prior-informed,323.952415951242,109.45996838639921,354.72059240212,184.6230213177422,0.6484889927618022,-0.16665406205180108
91,3xxx -> drawing,0.056303913082818666,0.0,0.8443344466759918,0.1387681286858254,0.016897424638182876,0.0,0,,,,,prior-informed,46.61200633525375,16.73254121969728,32.15482952009061,20.438241449292207,0.3297501025348317,0.7073591361092276
92,3xxx -> other_milling_processes,0.07956869102070657,0.0,0.7644010085337984,0.22344037575110176,0.01215861571509969,0.0,0,,,,,prior-informed,23.176412167256,8.727096383727275,18.187929315325235,9.325035901293889,0.12413228190230885,0.5349558870050668
93,4xxx -> rolling,1.26796872498689,0.0,0.7766854170812828,0.21825745679885672,0.005057126119860395,0.0,0,,,,,prior-informed,25.649949311110603,8.694092174860996,21.941110914600124,12.22152272466358,0.4939448589031762,0.30346778221226706
94,4xxx -> other_milling_processes,1.317928097103811,0.0,0.7766086647504371,0.22268552312370288,0.0007058121258599256,0.0,0,,,,,prior-informed,67.27626454182372,19.71322958048116,61.69219170836863,27.185085270905283,0.47415934491529255,0.2054094286557717
95,5xxx -> rolling,0.0041286352776391914,0.0,0.3240789704506772,0.6737404516180149,0.002180577931308,0.0,0,,,,,structure-determined,1864.0466022107687,328.80642066084727,2155.826938036029,918.2391508862852,0.8717761043301897,-0.31776072229509444
96,5xxx -> extrusion,0.0056891556726861876,0.0,0.3405315945880988,0.5297705817408018,0.12969782367109936,0.0,0,,,,,structure-determined,164.18700693326502,42.34928256559238,169.67020519386622,88.01574405690715,0.7684891308804108,-0.06229792543770352
97,5xxx -> drawing,0.05877584609962352,0.0,0.7880869390910461,0.16258102935155933,0.04933203155739454,0.0,0,,,,,prior-informed,48.70069786751025,14.918818339225275,41.014116396421045,23.113374611185677,0.5833780617191606,0.33255989661368174
98,5xxx -> other_milling_processes,0.07806286834751575,0.0,0.7122196243026965,0.25007417145471517,0.037706204242588345,0.0,0,,,,,prior-informed,29.623869056873858,10.018315472028048,23.591596099263427,11.894540237055029,0.29059525827694044,0.5071463745036657
99,6xxx -> rolling,0.0011924272390804866,0.0,0.7186460903152793,0.2732759374846266,0.00807797220009406,0.0,0,,,,,prior-informed,915.2865940800974,223.88147921119253,948.233008182235,505.81932179999984,0.8040950067598407,-0.06513474808533427
100,6xxx -> extrusion,0.001925657853986525,0.0,0.7091869528383836,0.2898647775338797,0.0009482696277366203,0.0,0,,,,,prior-informed,1848.7852063839864,220.39190261252787,2164.6937573382174,454.0673027050395,0.764413278135774,-0.6957306748850932
101,6xxx -> drawing,0.05317821808261318,0.0,0.8617753248361145,0.1335146398469912,0.004710035316894227,0.0,0,,,,,prior-informed,46.34511340385782,20.637278487196372,46.605596953072364,24.47051441660587,0.288755941930562,-0.010644792536023483
102,6xxx -> other_milling_processes,0.17176092969062937,0.0,0.8991455098514791,0.09935752111519795,0.0014969690333228457,0.0,0,,,,,prior-informed,5.55270578679494,2.8421520795762407,6.031554657321702,3.0818315795653892,0.14949509370891134,-0.1553780140685984
103,7xxx -> rolling,0.03605443310298902,0.0,0.7360854795483035,0.25971959482770995,0.004194925623986582,0.0,0,,,,,prior-informed,179.06994891969168,53.47517640370882,166.20239953828624,90.45996225757817,0.6505446872868182,0.14224579648580912
104,7xxx -> extrusion,0.03657939541327188,0.0,0.7333717204197987,0.262343359222923,0.004284920357278173,0.0,0,,,,,prior-informed,143.34121780924255,51.252108737666774,159.4537383905876,89.84810522787691,0.6746089285054663,-0.17933066635606543
105,7xxx -> drawing,0.5270853458570388,0.0,0.9518215113917129,0.03061791007369646,0.017560578534590792,0.0,0,,,,,prior-informed,1.956784080778401,1.193569029721156,2.9183130016361947,1.5533197864289077,0.4095633140245418,-0.6190154334339325
106,7xxx -> other_milling_processes,0.09903475637507815,0.0,0.7349754773745849,0.2635834351452081,0.0014410874802069564,0.0,0,,,,,prior-informed,162.58764596113673,40.50033763600129,179.85855277886935,83.60105794499903,0.7653104561324411,-0.20658718014184843
107,8xxx -> rolling,1.5306304518172225,0.0,0.6866239129294887,0.2723682647706755,0.04100782229983581,0.0,0,,,,,prior-informed,6.133943215269809,2.7197728528166327,7.051514547312161,3.6030395299162974,0.4301937410650113,-0.2546659076104193
108,8xxx -> extrusion,1.4120665746769123,0.0,0.7012778654144817,0.2954021335544062,0.003320001031112149,0.0,0,,,,,prior-informed,31.576404659327327,12.197455224067465,36.44309442588579,17.998314763757165,0.5407229126761597,-0.27039696940729224
109,8xxx -> drawing,1.455369491991548,0.0,0.704946683690464,0.29110777123012227,0.003945545079413741,0.0,0,,,,,prior-informed,29.67313341180778,11.706318308454817,31.597044001232373,19.760822485271333,0.6490618162128681,-0.09735984374428618
110,8xxx -> other_milling_processes,2.191042280573273,0.0,0.6547603468486252,0.19791267495760728,0.14732697819376753,0.0,0,,,,,prior-informed,2.9817553952459708,1.1919961903417098,2.9982590054662337,1.5666693673619967,0.4211113548152161,-0.0105342011301671
111,die_cast -> building_construction,0.021593015163564745,0.0,0.7823892825261479,0.16858084012411664,0.049029877349735296,0.0,0,,,,,prior-informed,20.22561422586755,8.94154390338975,19.164687332093724,9.917587646409176,0.18714527954408733,0.10697428967597285
112,die_cast -> transportation_auto,0.0035874974650873105,0.0,0.6336062798877445,0.3580937034182712,0.008300016693984311,0.0,0,,,,,prior-informed,903.5105467539952,78.05724097307272,1006.8743635669667,156.2998170709674,0.7505925318601758,-0.6613175802121353
113,die_cast -> transportation_other,0.0068243790481556646,0.0,0.6530542309281402,0.2992435899177656,0.0477021791540942,0.0,0,,,,,prior-informed,156.67955478416127,41.84755257525615,152.8585076937074,79.28950191671427,0.7214464177501629,0.04819108454568807
114,die_cast -> machine_industry,0.02086855606754949,0.0,0.6977261111777556,0.25241825569161813,0.04985563313062616,0.0,0,,,,,prior-informed,47.786251567422056,15.642399902654992,36.17418283422157,18.672235839039526,0.2981987765743719,0.621889570874111
115,die_cast -> electrical_equipment,0.010094263497353134,0.0,0.6691466400565776,0.22892156543851014,0.1019317945049122,0.0,0,,,,,prior-informed,54.834857628127075,19.384011564889697,46.857791803824334,24.383638156483244,0.36803895206773796,0.327148302197954
116,die_cast -> consumer_durables,0.007049984508218778,0.0,0.6167997993239657,0.26267829262317727,0.12052190805285709,0.0,0,,,,,prior-informed,88.40844135131778,27.190881768495352,92.77938935757578,49.24441700555914,0.6951174400278517,-0.08876027521585997
117,die_cast -> other_end_uses,0.13692995170093455,0.0,0.6343001107262438,0.35840100928332674,0.007298879990429367,0.0,0,,,,,prior-informed,50.51334416538539,22.235010401240128,74.40502807958862,38.06082577865554,0.658714167142491,-0.6277237402348125
118,sand_cast -> transportation_auto,0.03790007365469753,0.0,0.7717872490420593,0.22228000800488168,0.005932742953058889,0.0,0,,,,,prior-informed,202.7591690209067,22.269346354782037,207.16713765837156,34.90821705489042,0.59303261609328,-0.12627309583109514
119,sand_cast -> transportation_other,0.04445856668653408,0.0,0.7530540782553747,0.20652757818631537,0.040418343558309824,0.0,0,,,,,prior-informed,42.96103017973766,14.785859603561786,41.59883173190962,21.792989092946403,0.5396803087621169,0.06250626942537849
120,sand_cast -> machine_industry,0.16512239783284827,0.0,0.8755151475040284,0.07514046008469687,0.049344392411274876,0.0,0,,,,,prior-informed,8.834597396385456,3.025185256406015,5.95894410137715,3.1263564191760183,0.06367423498606628,0.919809807151231
121,sand_cast -> electrical_equipment,0.10769947188448725,0.0,0.8372315559918629,0.08774939058172969,0.07501905342640744,0.0,0,,,,,prior-informed,9.525433061773553,3.7380748551250065,7.9578239401207105,4.155335679169663,0.1907480365722678,0.377252102522338
122,sand_cast -> consumer_durables,0.06165690605204259,0.0,0.7274999064850384,0.14583356336635186,0.12666653014860974,0.0,0,,,,,prior-informed,20.277970472360483,6.529226550225825,15.819072258092591,8.3281666774584,0.3853545669675956,0.5353997328531691
123,sand_cast -> other_end_uses,0.1927325527753862,0.0,0.6676769098864501,0.2916767328782375,0.04064635723531249,0.0,0,,,,,prior-informed,12.845754103266255,5.913773152319035,15.102773788863784,7.699445830572603,0.4100565455091635,-0.2931405370287118
124,permanent_semi_permanent_mold_cast -> transportation_auto,0.01791529494386823,0.0,0.6688088466018948,0.32242980997903176,0.008761343419073446,0.0,0,,,,,prior-informed,372.27687263228887,33.29130561842126,389.42404000456395,66.27419647582101,0.747667777207227,-0.25873067172577374
125,permanent_semi_permanent_mold_cast -> transportation_other,0.02268411004376912,0.0,0.6561952307269165,0.28803936164634286,0.05576540762674067,0.0,0,,,,,prior-informed,82.28505486262468,20.476971209641928,69.90871033849609,36.578509122729535,0.6866141101404755,0.3383501630042664
126,permanent_semi_permanent_mold_cast -> machine_industry,0.048808794919151924,0.0,0.6886283891017156,0.1999510421990996,0.11142056869918474,0.0,0,,,,,prior-informed,18.434411021980825,7.459740743738664,18.12271912875712,9.377604049102828,0.367204058131377,0.033237902943185835
127,permanent_semi_permanent_mold_cast -> electrical_equipment,0.033223049471579884,0.0,0.6340442663340362,0.20475421736270763,0.16120151630325616,0.0,0,,,,,prior-informed,21.557874252319678,8.817869581618588,23.841873478952827,12.528950869013974,0.5046662385797114,-0.182297723928492
128,permanent_semi_permanent_mold_cast -> consumer_durables,0.024324918246587748,0.0,0.6255835583844679,0.2607878357709013,0.11362860584463089,0.0,0,,,,,prior-informed,42.65999876652567,14.130234614348279,46.73434721135557,24.78712484021124,0.675027630208009,-0.16437357987644602
129,permanent_semi_permanent_mold_cast -> other_end_uses,0.15783304587317426,0.0,0.6276347415068317,0.3393940570909909,0.032971201402177325,0.0,0,,,,,prior-informed,30.604005851936293,10.18253177826559,34.42005221359269,17.628298415964736,0.6663502830250108,-0.21647275713238817
130,other_cast -> other_end_uses,5.696589118165374,0.0,0.7033673671129245,0.2933723651946024,0.0032602676924730154,0.0,0,,,,,prior-informed,23.010162672826553,2.6244607668260302,25.155560494964337,3.0872187690811583,0.2773211281747141,-0.6949289903340132
131,import_mill_semifinished_products -> rolling,0.0008861254049242566,0.21176739385548857,0.4091209279244204,0.0827810950276832,0.18818019808207942,0.10815038511032847,1,observation_2022,1460.0,1460.0,0.0,prior-informed,1213.1209388729599,38.87975827288283,1132.0209680989335,66.6334955280942,0.6595432734147225,1.2171051530657395
132,import_mill_semifinished_products -> extrusion,9.394634348924384,0.02160776360010304,0.978230604965832,3.253699226694478e-05,0.00011889342702291703,1.02010147749472e-05,1,observation_2022,44.39,44.39,0.0,prior-informed,9.132131200470264,0.19359137687089448,0.4230552818065736,0.33502244893017724,0.66609401806188,25.995499544804435
133,import_mill_semifinished_products -> drawing,0.056223048262738606,0.0,0.859986126144495,0.12179281640359899,0.01651651088675434,0.0017045465651516069,0,,,,,prior-informed,253.04444919142512,12.31237286496888,224.48020552180083,13.894059080218511,0.21471873611540981,2.0558602424753083
134,import_mill_semifinished_products -> other_milling_processes,9.293197410063586,0.0,0.9980602992712858,0.0018091978698316763,0.00012019049817719562,1.0312360705350431e-05,0,,,,,prior-informed,0.521403425876633,0.2851676065311092,0.43026814879037073,0.33368367296284224,0.2696509537268522,0.27311877826402003
135,import_mill_semifinished_products -> sheet_plate,9.123503649231207,0.0,0.9998516134150974,1.5456156321435186e-05,0.00012242626181749566,1.0504166763464784e-05,0,,,,,prior-informed,0.4173553488549364,0.26534240550777316,0.4275551509988541,0.33586595659270535,0.3758609549937675,-0.03036866923755148
136,import_mill_semifinished_products -> foil,0.046924433240055456,0.389168360426843,0.46956608145180806,0.1191043958244601,0.02011884026588348,0.0020423220310053307,1,observation_2022,148.0,148.0,0.0,prior-informed,168.9024779597843,6.127204729923077,206.09149679803352,12.647132293350504,0.7652850996752887,-2.9405099887981816
137,import_mill_semifinished_products -> extruded_products,9.009142747651234,0.0,0.9998081511547408,5.723096417431046e-05,0.00012398037577684748,1.063750530799272e-05,0,,,,,prior-informed,0.2998306014717662,0.21477157866651816,0.426966925683222,0.3380285463867815,0.5963110487732607,-0.3761112059038437
138,import_mill_semifinished_products -> wire,7.848699395859502,0.9941141391008442,0.004109519047457789,0.001654098763354465,0.0001100328100586984,1.2210278284980661e-05,1,observation_2022,7.16,7.16,0.0,observation-driven,7.317734931917292,0.36301369739117273,301.8239577099109,18.254569076362802,0.9996045397340734,-16.133288139862987
139,import_mill_semifinished_products -> forging_impacts,9.713308171234782,0.0,0.9846646850419974,0.01521045620746925,0.00011499241023904919,9.86634029407319e-06,0,,,,,prior-informed,0.5109759616466066,0.290216002921137,0.427061197600059,0.3355942990612037,0.25215160910512424,0.25004824063248987
140,import_mill_semifinished_products -> powerder_paste,5.452165364276917,0.21206308906686575,0.634910018735346,0.1528066993564295,0.00020261545743952813,1.7577383919153014e-05,1,observation_2022,18.6,18.6,0.0,prior-informed,16.58848824221345,0.6443880910092538,15.011950135250792,0.9135898265259077,0.5025006683111062,1.7256519952260554
141,rolling -> scrap_rolling,0.0057544921462899575,0.0,0.4500187824978475,0.5484056188648267,0.001575598637325868,0.0,0,,,,,structure-determined,1397.0590376364767,266.23284626524435,1684.2720951648496,675.3361571405992,0.8445884593143324,-0.425289027533258
142,rolling -> sheet_plate,0.0006568242015843925,0.000185495022588616,0.6702800257473704,0.3263715457440216,0.003162933486019381,0.0,1,observation_2022,4002.691813,4002.691813,0.0,prior-informed,4135.060003917799,188.21487937558948,4592.981923311028,267.1519223430878,0.5036462581184443,-1.7140880566269958
143,rolling -> foil,0.021874621764669165,0.0,0.7379843516080193,0.25885067923592203,0.0031649691560586423,0.0,0,,,,,prior-informed,479.78955176039113,43.55103104269104,437.54219077307465,55.31070622326585,0.3800188650387435,0.7638188674861935
144,rolling -> export_milling_semifinished_products,0.0009289886535079951,0.0030752788506639445,0.1766438396068406,0.07896160095656952,0.07356221635883771,0.6677570642270882,1,observation_2022,826.6,826.6,0.0,structure-determined,646.8276524821813,39.31169361176326,382.66508190216234,180.2134556452604,0.9524151089014933,1.4658315586601227
145,scrap_rolling -> forming_scrap_generated,0.007148597679959755,0.0,0.4692302288359003,0.5307697711640997,0.0,0.0,0,,,,,structure-determined,1404.7199443392863,266.7159277604905,1687.3148867518537,675.4444770813342,0.8440739800617139,-0.41838367475249716
146,extrusion -> scrap_extrusion,0.02097917388079964,0.0,0.6607463462236455,0.3377596877254356,0.0014939660509189288,0.0,0,,,,,prior-informed,625.1416736766489,151.675879716511,720.1544011852613,340.0206114847419,0.8010139839695242,-0.27943225880845185
147,extrusion -> extruded_products,0.0026097620760341623,9.05619329491189e-05,0.6838759739310355,0.3146934651766518,0.0013399989593634513,0.0,1,observation_2022,2873.886133,2873.886133,0.0,prior-informed,2186.9610373319038,107.19984667096604,2386.519153274155,133.44085568145357,0.3546271489042778,-1.4954798882482523
148,extrusion -> export_milling_semifinished_products,0.0026770287825513203,0.2792485149238376,0.2853522424365117,0.11418373502521972,0.08948892327208188,0.23172658434234905,1,observation_2022,51.1,51.1,0.0,structure-determined,69.42923019819857,16.642240651385652,139.5276882208356,91.84752725761813,0.9671686562522684,-0.763204629625158
149,scrap_extrusion -> forming_scrap_generated,0.021467085558151987,0.0,0.6509976068894591,0.349002393110541,0.0,0.0,0,,,,,prior-informed,624.4812098629623,151.73634251020903,720.6878465355838,340.14464362076507,0.8010005159953045,-0.28284036946318797
150,drawing -> scrap_drawing,0.37242986782278864,0.0,0.7228525446047931,0.2752542439509272,0.0018932114442798186,0.0,0,,,,,prior-informed,195.8831219695098,19.666742061843117,186.6193351640478,25.358688462830127,0.3985337441649871,0.365310170478277
151,drawing -> wire,0.093815626543573,0.0,0.783330723889748,0.2113729672757277,0.0052963088345242,0.0,0,,,,,prior-informed,332.62073418416855,25.8005188285336,224.00224485809454,41.3709215182463,0.6110744367572146,2.6254790886920114
152,drawing -> export_milling_semifinished_products,0.08395164642466474,0.3326932123317673,0.5493822423675091,0.081565564063823,0.02896974275992284,0.007389238476977872,1,observation_2022,8.36,8.36,0.0,prior-informed,10.87732529929629,3.0492391083523698,52.31684138055751,18.61829336322929,0.9731772547868834,-2.225741923430175
153,scrap_drawing -> forming_scrap_generated,0.32530730208519754,0.0,0.703735035029435,0.29626496497056487,0.0,0.0,0,,,,,prior-informed,196.82146143791783,19.68232405798957,186.58290092599484,25.381777210746407,0.3986757748200753,0.4033823331956474
154,other_milling_processes -> scrap_other_milling_processes,0.30773977107384837,0.0,0.7497347204757274,0.24867980665224737,0.0015854728720252889,0.0,0,,,,,prior-informed,166.53215562576665,36.25472209291478,170.85896289819584,81.76995947547726,0.8034189747191014,-0.05291438689934533
155,other_milling_processes -> forging_impacts,0.5442639452488025,0.00016120310366302625,0.6963852779617653,0.3023479379131154,0.0011055810214562172,0.0,1,observation_2022,149.1596564,149.1596564,0.0,prior-informed,135.191397203791,9.436340923438372,144.1079107061926,11.91339629172236,0.3726122005063047,-0.7484442961573382
156,other_milling_processes -> powerder_paste,3.1774797003179893,0.0,0.7300364873677688,0.2674889241727506,0.00247458845948059,0.0,0,,,,,prior-informed,38.62225126318331,5.718084271298511,39.83783321654129,6.606287037713203,0.25081991525596037,-0.184003805226538
157,other_milling_processes -> export_milling_semifinished_products,8.952871261894241,5.0358360933507035e-05,0.9960797567967118,0.0018779710403939128,0.001922624440166171,6.928936179470136e-05,1,observation_2022,65.8,65.8,0.0,prior-informed,13.427057482080189,0.20244158681541052,0.42380377515626527,0.3408320239203519,0.6472080404003719,38.15150218971976
158,scrap_other_milling_processes -> forming_scrap_generated,0.24428179551003204,0.0,0.7526330120309493,0.24736698796905068,0.0,0.0,0,,,,,prior-informed,166.96238348563307,36.29601346991165,170.89400954549635,81.81342951997487,0.8031802578199332,-0.04805599866588363
159,sheet_plate -> scrap_sheet_plate,0.014398949786760266,0.0,0.7262751125628008,0.2660364335045938,0.007688453932605582,0.0,0,,,,,prior-informed,798.6104269026035,58.91256709179533,823.6298657311346,73.14338567254993,0.3512673195925292,-0.3420601685098184
160,sheet_plate -> building_construction,0.007635900295902302,0.0,0.6284695735944887,0.35802465386369814,0.013505772541813177,0.0,0,,,,,prior-informed,159.7153217734005,73.64154225540298,250.4856608274545,149.35185941416358,0.7568778751811962,-0.6077616938289415
161,sheet_plate -> transportation_auto,0.0014678415721745858,0.0,0.666244887484662,0.2577472826361491,0.0760078298791888,0.0,0,,,,,prior-informed,738.3663018495783,69.52724862306209,810.0470403033147,103.55759812283371,0.5492391916210329,-0.6921823193380078
162,sheet_plate -> transportation_other,0.004367970243558497,0.0,0.7110636460708439,0.2600346488844096,0.028901705044746616,0.0,0,,,,,prior-informed,519.1442610029081,53.64128934960454,569.7549385446669,70.21537746393074,0.4163749196630394,-0.7207919314790717
163,sheet_plate -> machine_industry,0.015520865391960468,0.0,0.709729360755086,0.2809944120077375,0.009276227237176542,0.0,0,,,,,prior-informed,238.22722942553304,31.72840696325951,279.7520383686596,34.65247614009185,0.1616449429479515,-1.198321550680866
164,sheet_plate -> electrical_equipment,0.00858226048877017,0.0,0.818654768864987,0.16364762254562443,0.01769760858938869,0.0,0,,,,,prior-informed,160.8944965955635,17.268522522989766,150.47134427753318,18.129991000466198,0.09277463165754829,0.5749121617193472
165,sheet_plate -> consumer_durables,0.004437594501079648,0.0,0.754414260367937,0.21307711119172965,0.032508628440333386,0.0,0,,,,,prior-informed,235.13696144330007,30.679719802839166,275.11468988889703,34.00881269109502,0.18619596770196123,-1.1755108538694994
166,sheet_plate -> container_packages,0.003149592248630906,0.0,0.685430653414392,0.29839386139377955,0.016175485191828397,0.0,0,,,,,prior-informed,1269.2612120731465,106.15773621849178,1423.1793164241535,186.91478453619945,0.6774359312031915,-0.8234667189806916
167,sheet_plate -> other_end_uses,0.19711477776358102,0.0,0.7548200512537739,0.24437287432501945,0.000807074421206717,0.0,0,,,,,prior-informed,28.951329043655036,3.996538979796434,32.86623292417417,3.9565304040172764,-0.02032632419910052,-0.9894790335856192
168,scrap_sheet_plate -> fabrication_scrap_generated,0.02399924980474126,0.0,0.7334086404469052,0.26659135955309465,0.0,0.0,0,,,,,prior-informed,792.835420841098,58.95069230613736,824.3434747462197,72.58661177986446,0.3404241132974636,-0.43407528099916215
169,foil -> scrap_foil,10.396695188434553,0.0,0.6676089443531044,0.3317775748654501,0.0006134807814456227,0.0,0,,,,,prior-informed,27.19700163096528,3.4306864317863415,31.04531963506498,3.6552354971928405,0.11909043719521117,-1.052823547772817
170,foil -> building_construction,0.04821073397636053,0.0,0.6927498710913047,0.16970769489322124,0.137542434015474,0.0,0,,,,,prior-informed,21.446336035686763,6.983595098852529,16.600558898474816,8.746514032900581,0.3624883750226936,0.5540238224033301
171,foil -> transportation_auto,0.08553371257157573,0.0,0.858302522728374,0.068116114374823,0.0735813628968029,0.0,0,,,,,prior-informed,35.34160526501586,3.9551454605398484,35.895336879014955,4.253840052867331,0.13550475554780694,-0.13017217552076293
172,foil -> transportation_other,0.6351223144544099,0.0,0.9790423091200299,0.010366059309594906,0.010591631570375184,0.0,0,,,,,prior-informed,11.649236608204848,1.3020733778563036,11.02793255822469,1.3052390117222503,0.004844775532966805,0.47600787625888863
173,foil -> machine_industry,8.313538512580248,0.0,0.997994096198097,0.001179902926014238,0.0008260008758887917,0.0,0,,,,,prior-informed,3.0428418629535923,0.35304815406319134,2.9959875577671045,0.3525090515372307,-0.0030609980443476736,0.13291660166501917
174,foil -> electrical_equipment,2.894838333143029,0.0,0.9952728488771649,0.002367095398199648,0.0023600557246354725,0.0,0,,,,,prior-informed,5.081417653804307,0.5929232526188865,5.0049621933148405,0.5992820181918348,0.021108693722600824,0.12757843247182546
175,foil -> consumer_durables,0.03283969670753176,0.0,0.677481165146958,0.19468638354763917,0.12783245130540283,0.0,0,,,,,prior-informed,137.5907872610559,12.26994269622949,134.7130940566387,16.07901849545472,0.41767424371966566,0.1789719444150572
176,foil -> container_packages,0.025274745561141686,0.0,0.7223995984979293,0.2527309701018675,0.02486943140020313,0.0,0,,,,,prior-informed,403.859889614413,33.87617579619638,405.7957599550131,50.096670937706044,0.5427317766056677,-0.038642694302128584
177,foil -> other_end_uses,72.55625795200199,0.0,0.9991658996589838,0.0007389768753145107,9.512346570168067e-05,0.0,0,,,,,prior-informed,0.8814283903037539,0.12036702326888928,0.999868455029267,0.11941252623793999,-0.016050440255302334,-0.9918562855751907
178,scrap_foil -> fabrication_scrap_generated,10.4323148467996,0.0,0.669631350063617,0.33036864993638304,0.0,0.0,0,,,,,prior-informed,27.04478328487436,3.415852440774646,31.046340388918996,3.639923693875427,0.11932910334926317,-1.0993519206948479
179,extruded_products -> scrap_extruded_products,0.852458320358658,0.0,0.7593130083659088,0.24004438265847106,0.0006426089756202065,0.0,0,,,,,prior-informed,109.14158956602779,11.602898526732941,103.47017776942421,12.222399323734798,0.09880234919006636,0.46401787786381743
180,extruded_products -> building_construction,0.008920308682713131,0.0,0.6324492634601396,0.34846643744878475,0.0190842990910757,0.0,0,,,,,prior-informed,719.8909596993332,62.69258808846633,831.9490025534737,106.28669726725782,0.6520838622557472,-1.054299792309575
181,extruded_products -> transportation_auto,0.0038667565729250818,0.0,0.6828270774558098,0.19471611144871906,0.12245681109547105,0.0,0,,,,,prior-informed,259.49025635783687,26.713227366806496,275.82671642345906,33.634209003131474,0.3692020342620358,-0.4857096554315044
182,extruded_products -> transportation_other,0.005994793670225799,0.0,0.6804922219481438,0.2519538317646163,0.06755394628723994,0.0,0,,,,,prior-informed,390.579904268806,37.0656179301899,435.02309117201366,53.819815242246435,0.5256945833330218,-0.8257773963579408
183,extruded_products -> machine_industry,0.01762612349029922,0.0,0.70338164128455,0.26868438057307364,0.027933978142376234,0.0,0,,,,,prior-informed,189.03290857091883,23.74268152381051,232.02013996296495,28.07377748983862,0.2847500644901312,-1.5312236270165445
184,extruded_products -> electrical_equipment,0.008095888211118165,0.0,0.7197121933452181,0.21974786532275342,0.06053994133202843,0.0,0,,,,,prior-informed,241.71776316811545,23.80357721063893,237.2328591833451,28.652214842018388,0.3098109610333434,0.1565290505288702
185,extruded_products -> consumer_durables,0.006435358242560427,0.0,0.7188342385885131,0.20513814373688846,0.07602761767459841,0.0,0,,,,,prior-informed,256.89726517494165,24.741141318206676,239.21655409568436,28.872250703293165,0.26569213545976855,0.6123773051485949
186,extruded_products -> other_end_uses,0.1789724354706474,0.0,0.7255455922317392,0.27123781555297455,0.0032165922152861985,0.0,0,,,,,prior-informed,38.81428658781506,4.506491517561296,38.83830995385778,4.646514247075457,0.05936189124236546,-0.005170190978719116
187,scrap_extruded_products -> fabrication_scrap_generated,0.8700063498283457,0.0,0.7622769178036851,0.23772308219631488,0.0,0.0,0,,,,,prior-informed,110.08982094029508,11.511357052794997,103.46626476919435,12.131294764020035,0.09959325611968572,0.5459892204371626
188,wire -> building_construction,0.08906981248429073,0.0,0.5709048363685916,0.17486676789799685,0.25422839573341155,0.0,0,,,,,prior-informed,7.902444015280024,4.319179417963737,17.153449796476202,7.813641187172041,0.6944406609443232,-1.1839557972515955
189,wire -> transportation_other,0.5561694526396939,0.0,0.9337252154093569,0.025131429294277922,0.041143355296365126,0.0,0,,,,,prior-informed,10.433811267547982,1.4224113206093039,12.296388367349822,1.4539484222597887,0.042910836299203337,-1.281047574512267
190,wire -> machine_industry,1.0981290242242312,0.0,0.9633315737225422,0.015665541781712262,0.021002884495745562,0.0,0,,,,,prior-informed,8.948628036055224,0.9824920449235875,8.6478089914818,1.0074987170565732,0.04902504000992891,0.2985800770568456
191,wire -> electrical_equipment,0.048116855224666875,0.0,0.7005126053250902,0.2960703920604893,0.0034170026144204925,0.0,0,,,,,prior-informed,299.16118976465344,25.286006078808303,471.7620476893576,39.810502394630404,0.5965728153454692,-4.335560908369354
192,wire -> consumer_durables,0.7841932251094752,0.0,0.9530956785961595,0.017581201981228655,0.029323119422611912,0.0,0,,,,,prior-informed,9.9149199809178,1.179235852735452,10.033506914689516,1.2025745680029094,0.038437940160149786,-0.09861087780082638
193,wire -> other_end_uses,3.0997334433683106,0.0,0.9728185244436621,0.019682664846741416,0.00749881070959638,0.0,0,,,,,prior-informed,5.744579494868121,0.5956459100056808,5.012423535715408,0.5951642891248254,-0.0016191016803501768,1.2301745459717182
194,forging_impacts -> transportation_auto,0.6499962639398187,0.0,0.614089042514899,0.22766464156152091,0.1582463159235801,0.0,0,,,,,prior-informed,30.257218915713782,2.8868427442391096,32.94066544687825,3.895674562993291,0.4508627367964132,-0.6888271819868359
195,forging_impacts -> transportation_other,0.5097427182506431,0.0,0.6736461670198475,0.29179162850758744,0.03456220447256508,0.0,0,,,,,prior-informed,85.0206446478822,7.208016296127259,92.08508932934357,11.041843508123154,0.5738638830510758,-0.6397885168599139
196,forging_impacts -> machine_industry,4.29159919035104,0.0,0.9232152724901624,0.03540966990951761,0.04137505760031991,0.0,0,,,,,prior-informed,4.506335735161878,0.5213811759550931,4.531889655040552,0.5356930685723796,0.05271940577516154,-0.047702539715093153
197,forging_impacts -> electrical_equipment,344.6977113910434,0.0,0.999028306427208,0.0004322839864336403,0.0005394095863584616,0.0,0,,,,,prior-informed,0.4389951306832662,0.053430978278108346,0.45353090040499533,0.0547155703536653,0.046404066584805226,-0.2656605720780068
198,forging_impacts -> consumer_durables,1.4029361552537845,0.0,0.7754882639023049,0.10588392317801294,0.11862781291968236,0.0,0,,,,,prior-informed,10.718855473136939,1.0362388955667612,9.961312841056348,1.1677814363554442,0.21259776192333235,0.6487024099687896
199,forging_impacts -> container_packages,202.9220382009653,0.0,0.9983478959715344,0.0007320183385670156,0.000920085689898658,0.0,0,,,,,prior-informed,0.08720271455967957,0.0554220011851038,0.07736630688462219,0.0715408850816329,0.39985555720715205,0.13749351386739742
200,forging_impacts -> other_end_uses,4.4667712981217,0.0,0.9164195203707509,0.043828601470141344,0.039751878159107794,0.0,0,,,,,prior-informed,4.6280478927099775,0.5111531783222109,4.532276015195697,0.5302495552018426,0.070730880538167,0.1806166107538265
201,powerder_paste -> other_end_uses,3.2581993793004203,0.0,0.729557408372836,0.270442591627164,0.0,0.0,0,,,,,prior-informed,54.88036760301245,5.645375356516542,54.85190362610853,6.5034068339761095,0.24646435623182794,0.004376779375882764
202,import_finished_consumption -> building_construction,0.013782901187219442,0.0,0.7860902961749737,0.18811904885313235,0.025790654971893947,0.0,0,,,,,prior-informed,193.89966710162912,12.218624143527093,203.92226766551076,12.544404840251513,0.05126594780227167,-0.7989697950214343
203,import_finished_consumption -> transportation_auto,0.001680799899277407,0.0,0.7121120583496061,0.14119341515233066,0.1466945264980631,0.0,0,,,,,prior-informed,654.0614159226557,34.30094405369501,655.6168376781013,40.413699511955585,0.27963114114220833,-0.03848748751609611
204,import_finished_consumption -> transportation_other,0.009364557115395042,0.0,0.8563626648605583,0.10623132495867266,0.03740601018076908,0.0,0,,,,,prior-informed,224.9540488822098,13.559753816516816,225.39651610403683,13.877921960939997,0.04532680765352404,-0.031882815242251186
205,import_finished_consumption -> machine_industry,0.01895530035753372,0.0,0.7590770085372747,0.2226428527357069,0.018280138727018374,0.0,0,,,,,prior-informed,246.696178331704,14.227287718723156,241.0898159886956,14.890535124790025,0.08709913637136113,0.3765050950838458
206,import_finished_consumption -> electrical_equipment,0.006040756884611355,0.0,0.7444532157474621,0.20915462260555318,0.04639216164698459,0.0,0,,,,,prior-informed,511.6494181606846,28.216455548824907,515.8982787578145,31.63009566887065,0.20420005345547654,-0.13432967897443052
207,import_finished_consumption -> consumer_durables,0.00352122041091544,0.0,0.7186660802323883,0.22848201033785687,0.05285190942975484,0.0,0,,,,,prior-informed,926.9344542358449,45.05724024216532,906.5203137876418,54.92404266220614,0.3270168607296752,0.37167949514849274
208,import_finished_consumption -> container_packages,9.735476195743637,0.0,0.9998763928771697,8.205091134960913e-05,4.1556211480842644e-05,0.0,0,,,,,prior-informed,0.557868168331041,0.288856105666861,0.4053922058280962,0.3252395416226721,0.21121903239545192,0.4688112698173717
209,import_finished_consumption -> other_end_uses,9.879026575103893,0.0,0.9950973854619869,0.0048616622447861906,4.09522932268069e-05,0.0,0,,,,,prior-informed,0.31334269833504935,0.22351951590822397,0.4083155265330308,0.3247277946198899,0.5262033668096375,-0.29246904567917237
210,building_construction -> export_finished_consumption,0.013142666854233953,0.0,0.43973983767998326,0.19728311540828125,0.36297704691173543,0.0,0,,,,,structure-determined,45.68634733621805,12.852431649494779,54.118663231526185,27.89638071008101,0.7877367140083581,-0.3022727565608868
211,building_construction -> consumption_building_construction,0.007035602704395837,0.00018101803187584633,0.63005874261419,0.36852937420079657,0.0012308651531374331,0.0,1,observation_2022,1405.574107,1405.574107,0.0,prior-informed,1086.2652177738291,94.00471919347537,1285.2059071389674,182.08239139968757,0.7334593725781465,-1.0925860970731935
212,transportation_auto -> export_finished_consumption,0.0008308511187472874,0.0,0.7010049095440494,0.2856322542172004,0.01336283623875032,0.0,0,,,,,prior-informed,866.3686529835488,197.10605784351813,801.064173552653,414.46725243017596,0.773838070893437,0.15756245891078577
213,transportation_auto -> consumption_transportation_auto,0.0008157661423879287,0.0010220730991358808,0.7067776979501571,0.2909141059372584,0.001286123013448584,0.0,1,observation_2022,1737.166733,1737.166733,0.0,prior-informed,2336.139053869693,217.3869314531544,2612.985365326405,460.5018978408125,0.777154424502015,-0.6011838664613127
214,transportation_other -> export_finished_consumption,0.0038443455883224965,0.0,0.6988477980963053,0.25877208153226205,0.04238012037143276,0.0,0,,,,,prior-informed,232.71753220114985,58.47999384668786,227.0520484449708,116.33866075826681,0.7473225319788321,0.048698203325126935
215,transportation_other -> consumption_transportation_other,0.003619074366042969,0.0008241564808062419,0.7230712588032666,0.27487948834477466,0.001225096371152547,0.0,1,observation_2022,918.4631329,918.4631329,0.0,prior-informed,1302.2421991829287,93.8049041798699,1382.913127195246,172.62838900151377,0.7047250170911574,-0.4673097424990156
216,machine_industry -> export_finished_consumption,0.014869395630188095,0.0,0.6813488218931192,0.2838220362833998,0.034829141823480965,0.0,0,,,,,prior-informed,116.6953896584424,32.651041748783996,129.4628791246552,68.4515430835482,0.7724757984665759,-0.18651865087437833
217,machine_industry -> consumption_machine_industry,0.014145416404673525,0.0003279436020234341,0.7000637635875842,0.29834838546492937,0.0012599073454630223,0.0,1,observation_2022,736.4747668,736.4747668,0.0,prior-informed,645.0338238528627,52.41346007435763,699.98441920336,86.21166791226489,0.6303816138084235,-0.637391627852727
218,electrical_equipment -> export_finished_consumption,0.004868277822216195,0.0,0.717473329543802,0.2595275521637386,0.022999118292459445,0.0,0,,,,,prior-informed,304.5539505751785,66.20008693498743,269.5799176909236,137.83994947358622,0.7693428566646947,0.2537292926892492
219,electrical_equipment -> consumption_electrical_equipment,0.004723290913460419,0.0005813552764282434,0.7307050858302371,0.2674940522617828,0.001219506631551804,0.0,1,observation_2022,957.242923,957.242923,0.0,prior-informed,1007.3965412397781,82.29858102925492,1190.1366360221118,152.5892498421393,0.7091046234655574,-1.1975948172717727
220,consumer_durables -> export_finished_consumption,0.003329123346918904,0.0,0.6973233163408946,0.2416658785182141,0.061010805140891244,0.0,0,,,,,prior-informed,227.63172568456469,53.87949489679548,227.909997267813,103.30384509641138,0.7279717185836038,-0.0026937195124596457
221,consumer_durables -> consumption_consumer_durables,0.003051329974558442,0.00038383355913478994,0.7344164805965786,0.2636671631835159,0.0015325226607706512,0.0,1,observation_2022,1465.714087,1465.714087,0.0,prior-informed,1513.72276742412,79.76472593846748,1502.1425367201384,129.35109465827534,0.6197392171373264,0.08952557173617096
222,container_packages -> export_finished_consumption,9.283674732882151,0.0,0.9997419487766112,8.604401998853736e-05,0.0001720072034003675,0.0,0,,,,,prior-informed,0.2598761065911425,0.20039954434548526,0.42684090978504496,0.33332333556832267,0.6385385211187093,-0.5009094335061308
223,container_packages -> consumption_container_packages,0.0026052474824126296,0.00033424552629267757,0.6930519729321497,0.30661374770562894,3.383592856285397e-08,0.0,1,observation_2022,1699.839931,1699.839931,0.0,prior-informed,1679.105961993051,112.18955839061113,1828.8364444676615,193.24561826498638,0.6629568023846861,-0.7748195473663667
224,other_end_uses -> export_finished_consumption,9.364038888976895,0.0,0.9846435717944252,0.005129035780912863,0.01022739242466192,0.0,0,,,,,prior-informed,0.46600370487855985,0.274270763950359,0.42097423926221644,0.3351890723829264,0.3304556813977553,0.1343404941462438
225,other_end_uses -> consumption_other_end_uses,0.13267598562092225,0.0002625961765381407,0.6377374125872748,0.3619983698681354,1.6213680516585055e-06,0.0,1,observation_2022,268.7354505,268.7354505,0.0,prior-informed,250.87454385074182,26.670551789856805,286.2238889233606,43.7480698776772,0.6283396704616577,-0.8080206777455131
226,eol_scrap_building_construction -> eol_scrap_generated,0.00044961979250519705,0.05012670039405546,0.7285096434921194,0.2213636561138251,0.0,0.0,1,observation_2022,294.296832,294.296832,0.0,prior-informed,243.99116151188483,88.15394824768532,219.85524159221595,115.30531633815642,0.415499518343471,0.20932183082422115
227,eol_scrap_transportation_auto -> eol_scrap_generated,0.0003588252122014258,0.002770802855542101,0.7198532554722791,0.2773759416721787,0.0,0.0,1,observation_2022,1401.194965,1401.194965,0.0,prior-informed,797.4178835536637,312.83655784012814,1050.6385598999702,563.0122028739028,0.6912553922000059,-0.44976054702498175
228,eol_scrap_transportation_other -> eol_scrap_generated,0.0003782241461391673,0.016136009725518263,0.7207145267987469,0.2631494634757349,0.0,0.0,1,observation_2022,565.5488941,565.5488941,0.0,prior-informed,558.4673875022604,181.54644210455524,417.36525017382445,226.4759822988997,0.3574141169928182,0.6230335592151728
229,eol_scrap_machine_industry -> eol_scrap_generated,0.00045466459882502225,0.05363497042179,0.7274575505545489,0.2189074790236611,0.0,0.0,1,observation_2022,282.9262632,282.9262632,0.0,prior-informed,224.41421949292854,87.75159284783157,217.50923343515532,115.67730466874846,0.4245419162197205,0.05969179587600363
230,eol_scrap_electrical_equipment -> eol_scrap_generated,0.00041878753409844223,0.03247330518275576,0.729865654250803,0.2376610405664414,0.0,0.0,1,observation_2022,378.8634735,378.8634735,0.0,prior-informed,276.17480089827916,109.42398463328206,275.3680183272106,149.02916617053856,0.4608836442293389,0.005413588439093276
231,eol_scrap_consumer_durables -> eol_scrap_generated,0.0003631175261086931,0.0060318464648889325,0.7198709977280477,0.27409715580706334,0.0,0.0,1,observation_2022,944.0480768,944.0480768,0.0,prior-informed,777.465840643194,269.8773208248718,668.0083528396466,371.8940797245616,0.47338375668733934,0.29432436215337354
232,eol_scrap_container_packages -> eol_scrap_generated,0.0004228112773272515,0.08674133325507584,0.6778593610328038,0.23539930571212053,0.0,0.0,1,observation_2022,1699.847102,1699.847102,0.0,prior-informed,1634.8001865119236,123.20551435758276,1592.9768268400815,188.61929311844239,0.573333970429558,0.2217342615401458
233,eol_scrap_other_end_uses -> eol_scrap_generated,0.00044573570185908913,0.0634649335733642,0.7132424723737721,0.22329259405286364,0.0,0.0,1,observation_2022,262.6861837,262.6861837,0.0,prior-informed,173.5962837779859,78.36277032829518,238.23894623489798,127.838160235011,0.6242503902370531,-0.5056601435602358
