node,n_out,n_observed,status,quality_index,total_value,total_sigma,kappa,total_map,kappa_likelihood,kappa_prior
1,1,1,fully_observed,0.7110635096201197,164.00915,53.21927428162799,142.79057490478368,215.9261425965871,142.79057490478368,0.0
2,1,1,fully_observed,1.0,3280.183,164.00915,200.0,3982.089122029113,200.0,0.0
3,3,3,fully_observed,0.7754266337617137,3450.19215,1209.6012111160337,155.53447348481933,4220.5859402865,155.53447348481933,200.0
4,1,0,unobserved,0.0,,,2.0,1335.0614097497285,2.0,0.0
5,4,4,fully_observed,0.8789928989403655,3280.183,670.9633640633908,176.04059399019238,4017.6402674840047,176.04059399019238,200.0
6,3,3,fully_observed,0.42109148682690073,2213.934,669.4736378842108,85.37611439172635,2069.120329262201,85.37611439172635,76.48168062315175
7,2,2,fully_observed,1.0,4150.0,156.13038198965015,200.0,4663.349303427517,200.0,200.0
8,2,1,partially_observed,0.6648387896168013,,,133.63808034412665,9395.891437007953,133.63808034412665,200.0
9,2,1,partially_observed,0.6648387896168013,,,133.63808034412665,2660.868288667161,133.63808034412665,134.4575016977514
10,2,0,unobserved,0.0,,,2.0,558.0451275688172,2.0,19.287584237080107
12,2,0,unobserved,0.0,,,2.0,92.17021369640378,2.0,164.84397532136038
16,2,0,unobserved,0.0,,,2.0,43.63781148784821,2.0,8.763849832716328
17,1,1,fully_observed,1.0,685.0,34.25,200.0,697.8059947890847,200.0,0.0
18,3,2,partially_observed,0.9751888010241101,,,195.0873826027738,5688.887007943909,195.0873826027738,167.61045407761333
19,2,0,unobserved,0.0,,,2.0,1941.2678160991918,2.0,36.55636045981676
20,2,1,partially_observed,0.29921783543195046,,,61.24513141552619,2809.67269504808,61.24513141552619,112.41919968124353
21,2,0,unobserved,0.0,,,2.0,2749.926889504176,2.0,200.0
22,2,0,unobserved,0.0,,,2.0,964.7916914220195,2.0,96.29368503945052
23,2,0,unobserved,0.0,,,2.0,925.7833768127039,2.0,200.0
24,9,0,unobserved,0.0,,,2.0,9348.286851541967,2.0,200.0
25,9,1,partially_observed,0.9503776020482201,,,190.17476520554757,2591.8965630792945,190.17476520554757,200.0
26,1,0,unobserved,0.0,,,2.0,142.05978487093176,2.0,0.0
27,1,0,unobserved,0.0,,,2.0,1267.9314742931488,2.0,0.0
28,2,0,unobserved,0.0,,,2.0,5.782029127852806,2.0,200.0
29,2,0,unobserved,0.0,,,2.0,549.6658568045461,2.0,200.0
30,2,0,unobserved,0.0,,,2.0,7.857103023880058,2.0,200.0
31,2,0,unobserved,0.0,,,2.0,44.651408130071495,2.0,200.0
32,2,0,unobserved,0.0,,,2.0,7.994517853843783,2.0,200.0
33,3,0,unobserved,0.0,,,2.0,278.96048883097717,2.0,200.0
34,9,0,unobserved,0.0,,,2.0,1915.0470090873443,2.0,200.0
35,1,0,unobserved,0.0,,,2.0,503.9297294345246,2.0,0.0
36,7,0,unobserved,0.0,,,2.0,478.8226236079612,2.0,145.09059996234456
37,1,0,unobserved,0.0,,,2.0,186.46086612767004,2.0,0.0
38,7,0,unobserved,0.0,,,2.0,768.8645929325507,2.0,97.44827196882088
39,1,0,unobserved,0.0,,,2.0,191.28569032297597,2.0,0.0
40,2,0,unobserved,0.0,,,2.0,41.88578130457598,2.0,21.512355320015402
41,1,0,unobserved,0.0,,,2.0,16.56186562161685,2.0,0.0
42,4,0,unobserved,0.0,,,2.0,1452.9987444626154,2.0,44.979156777135884
43,4,0,unobserved,0.0,,,2.0,153.71809343365226,2.0,71.63764859098315
44,4,0,unobserved,0.0,,,2.0,1746.8283514711065,2.0,113.7525723217613
45,2,0,unobserved,0.0,,,2.0,81.49978478624456,2.0,10.034282301972556
46,4,0,unobserved,0.0,,,2.0,2248.147479203655,2.0,111.62119315815953
47,4,0,unobserved,0.0,,,2.0,2988.259243167451,2.0,200.0
48,4,0,unobserved,0.0,,,2.0,491.9821974564841,2.0,195.48507472047325
49,4,0,unobserved,0.0,,,2.0,78.8885246867397,2.0,34.75404855221613
50,10,5,partially_observed,1.0,,,200.0,1878.2462379948538,200.0,200.0
51,4,2,partially_observed,0.29921783543195046,,,61.24513141552619,6901.637578423217,61.24513141552619,200.0
52,1,0,unobserved,0.0,,,2.0,1699.5146887401347,2.0,0.0
53,3,2,partially_observed,0.2992178354319504,,,61.24513141552618,3179.5323999735565,61.24513141552618,52.5650549434655
54,1,0,unobserved,0.0,,,2.0,766.1200326892035,2.0,0.0
55,3,1,partially_observed,0.29921783543195046,,,61.24513141552619,553.7289665061307,61.24513141552619,96.36287155156815
56,1,0,unobserved,0.0,,,2.0,178.34088349250652,2.0,0.0
57,4,2,partially_observed,0.29921783543195046,,,61.24513141552619,343.4578906527507,61.24513141552619,200.0
58,1,0,unobserved,0.0,,,2.0,161.1071885307756,2.0,0.0
59,9,0,unobserved,0.0,,,2.0,4423.560205013225,2.0,200.0
60,1,0,unobserved,0.0,,,2.0,829.5499683050706,2.0,0.0
61,9,0,unobserved,0.0,,,2.0,625.9861070663801,2.0,200.0
62,1,0,unobserved,0.0,,,2.0,30.99665589183584,2.0,0.0
63,8,0,unobserved,0.0,,,2.0,2350.777886828939,2.0,200.0
64,1,0,unobserved,0.0,,,2.0,103.68954356868987,2.0,0.0
65,6,0,unobserved,0.0,,,2.0,364.76578514243056,2.0,200.0
66,7,0,unobserved,0.0,,,2.0,144.66527734813423,2.0,200.0
67,1,0,unobserved,0.0,,,2.0,56.255237499745995,2.0,0.0
68,8,0,unobserved,0.0,,,2.0,2776.3612161625647,2.0,200.0
69,2,1,partially_observed,0.3890244030083396,,,79.02683179565125,1279.5777597888557,79.02683179565125,123.08338011621153
70,2,1,partially_observed,0.3890244030083396,,,79.02683179565125,3300.253208591454,79.02683179565125,16.976890668250974
71,2,1,partially_observed,0.3890244030083395,,,79.02683179565122,1551.9259325083062,79.02683179565122,32.77118937573414
72,2,1,partially_observed,0.3890244030083396,,,79.02683179565125,818.4469895032427,79.02683179565125,27.455472543575304
73,2,1,partially_observed,0.3890244030083396,,,79.02683179565125,1408.8261922614574,79.02683179565125,24.12516308614134
74,2,1,partially_observed,0.3890244030083396,,,79.02683179565125,1702.7861768696675,79.02683179565125,46.88297797909644
75,2,1,partially_observed,0.3890244030083396,,,79.02683179565125,1731.296436447783,79.02683179565125,200.0
76,2,1,partially_observed,0.3890244030083396,,,79.02683179565125,281.30049131796324,79.02683179565125,200.0
77,1,1,fully_observed,0.29921783543195046,294.296832,210.64091400675565,61.24513141552619,237.06626042312604,61.24513141552619,0.0
78,1,1,fully_observed,0.29921783543195046,1401.194965,1002.8955667768247,61.24513141552619,1135.765238139905,61.24513141552619,0.0
79,1,1,fully_observed,0.29921783543195046,565.5488941,404.78769397264136,61.24513141552619,452.87381687695637,61.24513141552619,0.0
80,1,1,fully_observed,0.29921783543195046,282.9262632,202.50250834152342,61.24513141552619,233.65078822976074,61.24513141552619,0.0
81,1,1,fully_observed,0.29921783543195046,378.8634735,271.16890045834487,61.24513141552619,299.45572542382513,61.24513141552619,0.0
82,1,1,fully_observed,0.2992178354319506,944.0480768,675.6958558203978,61.24513141552622,732.6859150370552,61.24513141552622,0.0
83,1,1,fully_observed,0.9503776020482201,1699.847102,165.12531998499267,190.17476520554757,1653.5494877431386,190.17476520554757,0.0
84,1,1,fully_observed,0.29921783543195046,262.6861837,188.015811979636,61.24513141552619,246.01996404859796,61.24513141552619,0.0
