flow_idx,from_node,to_node,posterior_median,posterior_ci_lo,posterior_ci_hi,posterior_ci_width,relative_ci_width,obs: Other literature,obs: USGS value 1,obs: USGS value 2,n_observations,determined_by,prior_mean,prior_sd,contraction,shift_in_prior_sd,share_observations,share_mass_balance
0,bauxite_mining,bauxite,230.19121223733916,129.48898670238404,331.01836578583567,201.52937908345163,0.8754868490620933,,229.0,229.0,2,structure-determined,,,,,0.4325606940972687,0.5674393059027313
1,import_of_bauxite,bauxite,4353.063388165134,4065.078368735609,4639.301649123643,574.2232803880343,0.13191245547887048,,4350.0,4360.0,2,structure-determined,,,,,0.0815357360771877,0.9184642639228124
2,bauxite,export_bauxite,32.848293606733804,28.295306188120232,37.25152129341936,8.956215105299126,0.2726538922394169,,29.0,40.0,2,multi-source,,,,,0.9975344524541856,0.0024655475458143
3,bauxite,bauxite_non_aluminum_use,228.74016826102053,125.35816151250603,330.3427303717926,204.98456885928655,0.8961459214516887,,229.0,229.0,2,structure-determined,,,,,0.4325606940972687,0.5674393059027313
4,bauxite,bauxite_refining_to_alumina,4321.427506758122,4003.191474214028,4651.027329133668,647.83585491964,0.14991246617154014,,4321.0,4320.0,2,structure-determined,,,,,0.0007814279334188,0.9992185720665812
5,import_alumina,primary_smelting_hall_hauroult_to_aluminum,1316.622748278202,1225.4076933280855,1407.3375536556737,181.92986032758813,0.13817918653274433,,1330.0,1300.0,2,structure-determined,,,,,0.166614166844158,0.833385833155842
6,bauxite_refining_to_alumina,waste_bauxite,2322.721112325833,1945.6253449563862,2691.284657401453,745.6593124450667,0.3210283440780406,,2377.0,2376.0,2,structure-determined,,,,,0.0048596169204534,0.9951403830795464
7,bauxite_refining_to_alumina,export_alumina,464.9366971130446,402.3554810724896,527.7241246960823,125.36864362359267,0.269646694705001,,481.0,450.0,2,multi-source,,,,,0.6474774502645477,0.3525225497354523
8,bauxite_refining_to_alumina,alumina_non_aluminum_use,779.6022355060929,630.0858794336725,923.8639362913318,293.7780568576593,0.37683070093680265,,781.0,,1,structure-determined,,,,,0.2453754779750514,0.7546245220249486
9,bauxite_refining_to_alumina,primary_smelting_hall_hauroult_to_aluminum,757.2796178534068,659.3842212094422,857.9296988817653,198.54547767232305,0.2621825188364666,,739.0,770.0,2,structure-determined,,,,,0.1156971957188625,0.8843028042811375
10,primary_smelting_hall_hauroult_to_aluminum,waste_alumina,955.7347189898306,735.1054931100501,1290.1640468988319,555.0585537887818,0.5807663389852094,,1328.0,,1,structure-determined,,,,,0.0018014901781462,0.9981985098218538
11,primary_smelting_hall_hauroult_to_aluminum,remelting,818.359171735467,521.9011243810745,907.0925525129381,385.19142813186363,0.4706874944836275,,506.0,,1,structure-determined,,,,,0.0031411447188601,0.9968588552811398
12,primary_smelting_hall_hauroult_to_aluminum,refining,328.975147161368,117.62344246212561,418.11340324768236,300.4899607855567,0.9134123455172776,,235.0,,1,structure-determined,,,,,0.0095966507432098,0.9904033492567902
13,import_unwrought_aluminum_ingot,remelting,3589.4566386566103,3284.9703125054866,3902.7523414962575,617.7820289907709,0.17211018022549004,,3299.0,,1,structure-determined,,,,,0.260058503551584,0.7399414964484158
14,import_unwrought_aluminum_ingot,refining,1588.6313015175697,1442.9797858586946,1737.5693442258093,294.5895583671147,0.18543607826794206,,1531.0,,1,structure-determined,,,,,0.1134956167485754,0.8865043832514246
15,remelting,loss_remelting,144.23839580676898,55.242716794920135,345.90877473734474,290.66605794242463,2.015178110631649,,444.2105263157895,212.0,2,structure-determined,,,,,0.3377167664224373,0.6622832335775627
16,remelting,wrought_aluminum_ingot,9783.60607716317,8527.747280635384,10996.211924048308,2468.4646434129245,0.2523062175586565,,8440.0,,1,structure-determined,,,,,0.0004874229782098,0.9995125770217902
17,refining,loss_refining,83.79282081287526,25.146108595733693,178.12098238959896,152.97487379386527,1.825632223737714,,792.0,98.0,2,structure-determined,,,,,0.1340626208206202,0.8659373791793797
18,refining,cast_aluminum_ingot,2607.770010738942,2398.48829112685,2815.95499000853,417.4666988816798,0.1600857043230533,3177.0,2350.0,,2,structure-determined,,,,,0.0005216123326962,0.9994783876673036
19,alloying_element_si,remelting,336.278942201165,130.53480329730294,412.39687903205123,281.86207573474826,0.838179381348642,,231.0,,1,structure-determined,,,,,0.2591584617299868,0.7408415382700132
20,alloying_element_si,refining,137.40561887114228,38.198731793763365,194.74899659772765,156.5502648039643,1.1393294254638573,,110.0,,1,structure-determined,,,,,0.1079623035269377,0.8920376964730623
21,alloying_element_mg,remelting,83.4095645253188,21.891969872489426,124.66111558460544,102.76914571211601,1.2321026526990277,,70.53,,1,observation-driven,,,,,0.7895827306358225,0.2104172693641774
22,alloying_element_mg,refining,0.40020370693092533,0.02080188537346884,0.9477036560267901,0.9269017706533212,2.3160749253462147,,0.0,,1,observation-driven,,,,,0.99931761536736,0.0006823846326398
23,alloying_element_other,remelting,21.073139195087315,5.603218271734821,34.959946370478015,29.356728098743194,1.3930875617044751,,20.0,,1,observation-driven,,,,,0.9790208492562192,0.0209791507437806
24,alloying_element_other,refining,20.983419200211863,5.425194658568006,34.98167959231317,29.556484933745164,1.408563811823706,,20.0,,1,observation-driven,,,,,0.7854594244778622,0.2145405755221377
25,import_scrap,eol_scrap_generated,719.2325206212241,650.546711214571,790.728748471433,140.18203725686203,0.19490503173547036,,720.0,,1,observation-driven,,,,,0.6752747075735422,0.3247252924264576
26,eol_scrap_generated,export_eol_scrap,1572.366671214754,1420.3040832070783,1729.4502993745489,309.1462161674706,0.19661203829042964,,1570.0,,1,structure-determined,,,,,0.3042756791759951,0.6957243208240048
27,eol_scrap_generated,loss_eol_scrap,1791.9093606452143,922.4407553713335,2619.034430255978,1696.5936748846443,0.9468077527502565,,1555.0,,1,structure-determined,,,,,0.0081453536375739,0.9918546463624262
28,eol_scrap_generated,eol_scrap_recycled,2032.8399383943824,1738.3577064815472,2339.4802791055704,601.1225726240232,0.2957058060846707,,1727.0,,1,structure-determined,,,,,0.0112964939533377,0.9887035060466624
29,eol_scrap_recycled,remelting,1410.2131780322443,1011.9946248638701,1786.1416729156076,774.1470480517376,0.5489574626808917,,1070.0,,1,structure-determined,,,,,0.0005992856566254,0.9994007143433746
30,eol_scrap_recycled,refining,629.3626180727197,347.3203962289366,936.0991549326591,588.7787587037225,0.9355159359587069,,658.0,,1,structure-determined,,,,,0.001106063272429,0.998893936727571
31,forming_scrap_generated,loss_forming_scrap,69.25064570402911,20.117733104153785,145.7615198254169,125.64378672126313,1.8143337934819137,,87.0,,1,structure-determined,,,,,0.1651247321686649,0.8348752678313351
32,forming_scrap_generated,forming_scrap_recycled,2703.2408193743304,1536.8693197549362,3848.011194310985,2311.1418745560486,0.8549522698798867,,2665.0,,1,structure-determined,,,,,0.0001029820839572,0.9998970179160428
33,forming_scrap_recycled,remelting,2714.101530007373,1551.4159047304013,3857.9174640913075,2306.501559360906,0.8498213990375814,,2677.0,,1,structure-determined,,,,,9.496592777249876e-05,0.9999050340722276
34,forming_scrap_recycled,refining,0.44709675195825765,0.02343444046871311,0.9668936346964269,0.9434591942277137,2.110190221904806,,0.0,,1,observation-driven,,,,,0.9973096436576344,0.0026903563423655
35,fabrication_scrap_generated,loss_fabrication_scrap,40.144235768130585,11.680473311323322,82.95127614086587,71.27080282954255,1.775368280547079,,49.0,,1,structure-determined,,,,,0.0690958233095805,0.9309041766904194
36,fabrication_scrap_generated,fabrication_scrap_recycled,917.8542170559315,798.511862665995,1038.0871382012376,239.57527553524267,0.26101669642450814,,971.0,,1,structure-determined,,,,,0.0049190833507674,0.9950809166492324
37,fabrication_scrap_recycled,remelting,918.9439016903004,797.7477675595269,1039.8832293150988,242.1354617555719,0.26349319181528846,,922.0,,1,structure-determined,,,,,9.894358349859064e-05,0.9999010564165014
38,fabrication_scrap_recycled,refining,0.4444056540274259,0.02216864369654413,0.9656774852339178,0.9435088415373737,2.1230801925826674,,0.0,,1,observation-driven,,,,,0.9870534761014328,0.012946523898567
39,wrought_aluminum_ingot,1xxx,1504.1632073682808,675.6248693876264,2353.478190329005,1677.8533209413786,1.1154729172487805,2336.0,1728.0,,2,structure-determined,,,,,0.000190444323239,0.999809555676761
40,wrought_aluminum_ingot,2xxx,159.68154381487204,85.00270041844647,205.39400475743915,120.39130433899268,0.7539462699494515,85.0,238.0,,2,structure-determined,,,,,0.0003972881480514,0.9996027118519486
41,wrought_aluminum_ingot,3xxx,1821.978375819388,910.6799672463745,2906.451186321684,1995.7712190753095,1.0953868857953721,1256.0,2848.0,,2,structure-determined,,,,,0.0002714649746815,0.9997285350253184
42,wrought_aluminum_ingot,4xxx,84.48113892301774,40.94647505229219,119.03635513057543,78.08988007828324,0.9243469142791927,50.0,117.0,,2,structure-determined,,,,,0.0003725265491157,0.9996274734508842
43,wrought_aluminum_ingot,5xxx,2366.9006906659506,990.2142832786318,3904.968781061656,2914.7544977830244,1.2314646361284087,3047.0,2762.0,,2,structure-determined,,,,,0.0001965670155705,0.9998034329844294
44,wrought_aluminum_ingot,6xxx,3150.4088359074103,2126.491136989293,4206.707004269903,2080.2158672806104,0.6603002897817378,3771.0,3218.0,,2,structure-determined,,,,,0.0002252940493155,0.9997747059506844
45,wrought_aluminum_ingot,7xxx,521.3507569431644,332.4425949006632,610.010815374933,277.5682204742698,0.5324020667040659,254.0,887.0,,2,structure-determined,,,,,0.0004678204308134,0.9995321795691864
46,wrought_aluminum_ingot,8xxx,77.21318624921406,40.04008064370857,122.20100601097931,82.16092536727075,1.0640789398599264,267.0,94.0,,2,structure-determined,,,,,0.0001618148051436,0.9998381851948565
47,cast_aluminum_ingot,36x,142.67145828052008,122.40230166478385,162.4680221819409,40.06572051715706,0.28082505779383,,139.9873943233654,,1,structure-determined,,,,,0.0102790575874699,0.98972094241253
48,cast_aluminum_ingot,38x,1305.1476990287179,1115.050751535056,1488.9789200468847,373.92816851182874,0.286502568858761,,1369.275605676634,,1,structure-determined,,,,,0.007580504959638,0.992419495040362
49,cast_aluminum_ingot,2xx,5.779061637041237,5.116263704985541,6.471391649994952,1.3551279450094107,0.23448927007866432,,5.802579327688045,,1,structure-determined,,,,,0.0098259510772348,0.9901740489227652
50,cast_aluminum_ingot,3xx,554.4012053761628,487.6839842343547,620.5875798524851,132.9035956181304,0.23972457911226028,,567.7059997361048,,1,structure-determined,,,,,0.0092057881495014,0.9907942118504984
51,cast_aluminum_ingot,4xx,7.8528086468922975,6.937501013506927,8.780220352440763,1.8427193389338354,0.23465735914284383,,7.889786477696971,,1,structure-determined,,,,,0.0098251005136036,0.9901748994863964
52,cast_aluminum_ingot,5xx,44.70057022861721,39.33841859469842,49.937377829898786,10.598959235200368,0.23711015723049852,,44.9000575912573,,1,structure-determined,,,,,0.0098080563734715,0.9901919436265284
53,cast_aluminum_ingot,7xx,7.994039888245116,7.059874950870284,8.936173890868918,1.8762989399986347,0.23471223139099542,,8.033237140927826,,1,structure-determined,,,,,0.0098250416164976,0.9901749583835024
54,cast_aluminum_ingot,other,280.1949822361928,248.43639735496603,311.31856781133064,62.882170456364605,0.22442289991959075,,289.7703397263251,,1,structure-determined,,,,,0.0092228192395682,0.9907771807604318
55,36x,die_cast,142.7408827140988,122.86040246768701,162.59857469676953,39.73817222908252,0.27839376829885265,,147.475924987329,,1,structure-determined,,,,,0.0092514178828131,0.9907485821171867
56,38x,die_cast,1305.5981486811907,1118.820540329635,1490.1284863716762,371.3079460420413,0.2843968080202216,,1442.524075012671,,1,structure-determined,,,,,0.0059436463402191,0.994056353659781
57,2xx,sand_cast,1.9273979981816987,1.5531210374271753,2.2920057217900798,0.7388846843629044,0.38335864469090764,,1.923056763564638,,1,structure-determined,,,,,0.0828518987484459,0.917148101251554
58,3xx,sand_cast,186.52240137181744,150.76648621573287,221.93614344094001,71.16965722520715,0.38156091012004584,,188.1457884253907,,1,structure-determined,,,,,0.0370668460506511,0.9629331539493488
59,4xx,sand_cast,2.6178814452522916,2.1208423946312496,3.1077878572919286,0.9869454626606791,0.37700158823103797,,2.614786699531646,,1,structure-determined,,,,,0.0828366415521456,0.9171633584478542
60,5xx,sand_cast,14.89317655333679,12.085060464857516,17.626558330105702,5.541497865248186,0.3720830036092349,,14.88051339915282,,1,structure-determined,,,,,0.0821206792315101,0.9178793207684898
61,7xx,sand_cast,2.661708484006084,2.1458550090775024,3.1697688041517167,1.0239137950742143,0.3846829212240186,,2.662328275886768,,1,structure-determined,,,,,0.0828354932352702,0.9171645067647298
62,other,sand_cast,84.90770230761194,69.05993113621082,101.3828161909867,32.32288505477588,0.38068260212334293,,84.77352643647342,,1,structure-determined,,,,,0.0765196440672656,0.9234803559327344
63,2xx,permanent_semi_permanent_mold_cast,3.8514858318930476,3.197720485460551,4.491619402720335,1.2938989172597841,0.33594798831800937,,3.846113527129276,,1,structure-determined,,,,,0.0220871476356832,0.9779128523643168
64,3xx,permanent_semi_permanent_mold_cast,368.5734193879946,305.92560089749907,429.70202354139866,123.7764226438996,0.3358256893549913,,376.2915768507814,,1,structure-determined,,,,,0.0144267422063418,0.9855732577936582
65,4xx,permanent_semi_permanent_mold_cast,5.243365187666818,4.379273043542641,6.115748803100606,1.7364757595579654,0.33117581885053843,,5.229573399063292,,1,structure-determined,,,,,0.0220843499038349,0.9779156500961652
66,5xx,permanent_semi_permanent_mold_cast,29.823800722571402,24.807649475610567,34.776442298519456,9.968792822908888,0.3342562846245232,,29.76102679830564,,1,structure-determined,,,,,0.0219847230958132,0.9780152769041868
67,7xx,permanent_semi_permanent_mold_cast,5.339525953947119,4.452827660043787,6.222215477990229,1.7693878179464422,0.33137545040650357,,5.324656551773534,,1,structure-determined,,,,,0.022084146475553,0.9779158535244468
68,other,permanent_semi_permanent_mold_cast,169.8466588543239,141.52015579932004,198.68208733069278,57.161931531372744,0.3365502266394305,,169.5470528729468,,1,structure-determined,,,,,0.0237827453019105,0.9762172546980894
69,other,other_cast,25.136031646772977,20.265868892849138,29.989764322102307,9.723895429253169,0.3868508587950296,,25.0,,1,structure-determined,,,,,0.0270283759242261,0.9729716240757738
70,cast_aluminum_ingot,export_cast_aluminum_ingot,268.0456032276519,215.02126225755578,319.6326155572077,104.61135329965194,0.3902744609125531,,275.0,,1,structure-determined,,,,,0.4978511079164092,0.5021488920835907
71,wrought_aluminum_ingot,export_wrought_aluminum_ingot,127.41539403635718,4.339305819976244,565.3244010220968,560.9850952021205,4.402804695969837,,,,0,structure-determined,,,,,0.0,1.0
72,die_cast,scrap_cast,524.577067510417,153.88825989569418,909.3394441441163,755.4511842484221,1.4401147725227628,,530.0,,1,structure-determined,,,,,0.000182513345939,0.9998174866540608
73,scrap_cast,die_cast,524.6343352926698,155.0944813480661,909.5193334160183,754.4248520679522,1.4380012921706558,,530.0,,1,structure-determined,,,,,0.000182513345939,0.9998174866540608
74,sand_cast,scrap_sand_cast,197.4734347486338,56.09187415580519,336.6687410347671,280.5768668789619,1.4208334768477158,,197.0,,1,structure-determined,,,,,0.000168149328432,0.999831850671568
75,scrap_sand_cast,sand_cast,197.38769580325402,56.514528270820634,336.63564810748517,280.12111983666455,1.419141748915672,,197.0,,1,structure-determined,,,,,0.000168149328432,0.999831850671568
76,permanent_semi_permanent_mold_cast,scrap_semi_permanent_mold_cast,197.0078394399283,55.89042905330143,336.14524062666845,280.254811573367,1.4225566473400284,,197.0,,1,structure-determined,,,,,0.0001835781399397,0.99981642186006
77,scrap_semi_permanent_mold_cast,permanent_semi_permanent_mold_cast,197.24222990712735,56.56544905789868,336.1073182108548,279.54186915295617,1.4172516163733297,,197.0,,1,structure-determined,,,,,0.0001835781399397,0.99981642186006
78,other_cast,scrap_other_cast,16.87102150294151,4.906961510696224,28.94648615483143,24.039524644135206,1.4249003618390177,,17.0,,1,structure-determined,,,,,0.0001678449256406,0.9998321550743592
79,scrap_other_cast,other_cast,16.8832582692878,4.920911406440916,28.999112329043847,24.07820092260293,1.426158419101092,,17.0,,1,structure-determined,,,,,0.0001678449256406,0.9998321550743592
80,die_cast,export_cast_semifinished_products,17.989870165168327,14.54513757604336,21.46231483445595,6.91717725841259,0.3845040122527125,,18.0,,1,observation-driven,,,,,0.9925104082953052,0.0074895917046947
81,1xxx,rolling,1092.6102098115744,305.5465976691362,1908.8065509463372,1603.259953277201,1.4673668055451272,,1116.0,,1,structure-determined,,,,,0.0003488323257444,0.9996511676742554
82,1xxx,extrusion,278.64468670724875,71.83877783413962,476.4960714764619,404.6572936423223,1.4522340204084554,,274.0,,1,structure-determined,,,,,0.0049314264281926,0.9950685735718072
83,1xxx,drawing,75.55385819990929,57.47147578943962,140.50651900784874,83.03504321840911,1.0990179085058136,,284.0,,1,structure-determined,,,,,0.0003586961229544,0.9996413038770456
84,1xxx,other_milling_processes,57.15611165528135,14.270475193327446,94.43816240996289,80.16768721663544,1.4026091855257927,,54.0,,1,structure-determined,,,,,0.0090091939883356,0.9909908060116644
85,2xxx,rolling,69.70403094933482,26.70691900778278,146.02337808183682,119.31645907405405,1.7117583796664586,,122.0,,1,structure-determined,,,,,0.000301368192312,0.999698631807688
86,2xxx,extrusion,68.55566111727222,24.087549530161034,142.67484565687278,118.58729612671175,1.7297958212940978,,108.0,,1,structure-determined,,,,,0.0003838669448328,0.9996161330551672
87,2xxx,drawing,2.8623485603700187,0.77115590905372,5.171850685924438,4.4006947768707185,1.5374419586068289,,3.0,,1,structure-determined,,,,,0.3033891299834628,0.6966108700165372
88,2xxx,other_milling_processes,5.914128194932125,1.5478963683310227,10.45314437838116,8.905248010050137,1.5057583664962033,,6.0,,1,structure-determined,,,,,0.0971016076944568,0.9028983923055433
89,3xxx,rolling,1411.4682766400715,553.4355695642182,2494.241870363107,1940.8063007988887,1.3750265116966565,,2417.0,,1,structure-determined,,,,,0.0001006908216561,0.999899309178344
90,3xxx,extrusion,354.0167531863121,93.36129087268947,624.1517293417932,530.7904384691037,1.499337061570527,,358.0,,1,structure-determined,,,,,0.0037253704883967,0.9962746295116032
91,3xxx,drawing,28.314267722718863,11.934229203607208,73.22864325332488,61.294414049717666,2.1647889555178614,,56.0,,1,structure-determined,,,,,0.0093047472285037,0.9906952527714964
92,3xxx,other_milling_processes,18.269241903177228,4.710489552965295,31.34836856993885,26.637879016973553,1.4580724891677592,,18.0,,1,structure-determined,,,,,0.0767623348742298,0.9232376651257702
93,4xxx,rolling,21.28418685792922,5.8054859134381855,41.130064746562454,35.32457883312427,1.6596630667130436,,24.0,,1,structure-determined,,,,,0.0023220163553928,0.9976779836446072
94,4xxx,other_milling_processes,61.773551633792124,22.061583589640993,102.85667672816837,80.79509313852738,1.3079237149500378,,93.0,,1,structure-determined,,,,,0.0001479514452766,0.9998520485547232
95,5xxx,rolling,2138.5056385815024,761.4772745026007,3677.2010615499826,2915.723787047382,1.3634398406269426,,2472.0,,1,structure-determined,,,,,0.0001640615476417,0.9998359384523584
96,5xxx,extrusion,169.56687560535113,43.643577266515805,294.9020564410171,251.2584791745013,1.4817662841136419,,169.0,,1,structure-determined,,,,,0.0246730102207795,0.9753269897792204
97,5xxx,drawing,35.92515992073224,20.018638032537453,89.1269261882404,69.10828815570295,1.9236737792730292,,97.0,,1,structure-determined,,,,,0.0031863408861611,0.9968136591138388
98,5xxx,other_milling_processes,23.89245930394113,6.0208080518274025,40.193136889926805,34.1723288380994,1.430255814329778,,23.0,,1,structure-determined,,,,,0.0493452288187997,0.9506547711812002
99,6xxx,rolling,929.0911483535558,252.3051761060583,1722.2669763826784,1469.9618002766201,1.5821502582190587,,1007.0,,1,structure-determined,,,,,0.0015425808747867,0.9984574191252132
100,6xxx,extrusion,2161.0827677585203,1439.0576659441738,2884.3993055392393,1445.3416395950655,0.668804388780619,,2087.0,,1,structure-determined,,,,,0.0002239285257317,0.9997760714742684
101,6xxx,drawing,41.258563890952516,24.507835255754905,97.84306624874571,73.3352309929908,1.777454765192937,,119.0,,1,structure-determined,,,,,0.0021424519178745,0.9978575480821256
102,6xxx,other_milling_processes,6.024370929736069,1.5619595599758127,10.465585028318673,8.90362546834286,1.477934471862431,,6.0,,1,structure-determined,,,,,0.4351341654806216,0.5648658345193784
103,7xxx,rolling,153.07223299398825,68.13930815479821,336.5338326589974,268.39452450419924,1.753384786088148,,322.0,,1,structure-determined,,,,,0.0004885715161155,0.9995114284838844
104,7xxx,extrusion,146.57023484207596,59.98101721141126,325.43925172278927,265.458234511378,1.8111333095522395,,278.0,,1,structure-determined,,,,,0.0006427657352081,0.999357234264792
105,7xxx,drawing,2.9063749533686263,0.7587192429459049,5.173472455372198,4.414753212426293,1.5189895602800267,,3.0,,1,observation-driven,,,,,0.6812714910890281,0.318728508910972
106,7xxx,other_milling_processes,173.7678677606582,69.5412807179015,327.9308668689022,258.38958615100074,1.4869813935157308,,284.0,,1,structure-determined,,,,,0.000224751873946,0.999775248126054
107,8xxx,rolling,7.053692462770905,1.861713636070308,12.19874394870613,10.337030312635823,1.4654778851210537,,7.0,,1,structure-determined,,,,,0.0267070950907902,0.9732929049092098
108,8xxx,extrusion,36.76880884464084,9.665994918183593,61.32122213411163,51.655227215928036,1.4048653964882776,,35.0,,1,structure-determined,,,,,0.0010958248149804,0.9989041751850196
109,8xxx,drawing,28.61588315046222,10.7547206760318,69.15865304712665,58.40393237109485,2.0409620791365115,,49.0,,1,structure-determined,,,,,0.000536436158847,0.999463563841153
110,8xxx,other_milling_processes,3.005118161486176,0.7635670166811649,5.227607170395299,4.464040153714134,1.485479077304052,,3.0,,1,structure-determined,,,,,0.124805834573466,0.8751941654265339
111,die_cast,building_construction,19.26621394590363,4.82783964540366,33.051029171342066,28.223189525938405,1.4649058504792116,,19.0,,1,structure-determined,,,,,0.3747416400741597,0.6252583599258402
112,die_cast,transportation_auto,1005.2161521432013,757.6243503848372,1261.5693371510426,503.9449867662055,0.5013299733512583,,1001.0,,1,structure-determined,,,,,0.0005921585308,0.9994078414692
113,die_cast,transportation_other,152.29670494724135,39.77686636145575,265.7382587764945,225.96139241503874,1.4836919320960773,,153.0,,1,structure-determined,,,,,0.0132324071186581,0.986767592881342
114,die_cast,machine_industry,36.18462540104078,9.510542101666164,62.67194282588393,53.16140072421777,1.469170956864146,,36.0,,1,structure-determined,,,,,0.0821972061779579,0.917802793822042
115,die_cast,electrical_equipment,46.89916173503926,12.056963862054957,81.96764504614393,69.91068118408897,1.4906595043010624,,47.0,,1,structure-determined,,,,,0.106209901292635,0.8937900987073648
116,die_cast,consumer_durables,92.44669320947006,24.292839082864013,165.5256169142424,141.23277783137837,1.527721251330932,,96.0,,1,structure-determined,,,,,0.0352944685348216,0.9647055314651783
117,die_cast,other_end_uses,74.32111947627598,19.576225912812806,129.16512643318424,109.58890052037144,1.4745324248695322,,74.0,,1,structure-determined,,,,,0.0029141638618269,0.997085836138173
118,sand_cast,transportation_auto,206.7095866139853,150.78130002410603,263.1250236664175,112.34372364231149,0.5434857931969309,,242.0,,1,structure-determined,,,,,0.0007887368075801,0.9992112631924198
119,sand_cast,transportation_other,41.4176147309243,10.885169170583216,72.74624112336613,61.861071952782915,1.4935933021414338,,42.0,,1,structure-determined,,,,,0.0239195217748618,0.976080478225138
120,sand_cast,machine_industry,5.937224333166987,1.520437945980488,10.406444862869003,8.886006916888515,1.4966601257171315,,6.0,,1,structure-determined,,,,,0.4930300954470277,0.5069699045529723
121,sand_cast,electrical_equipment,7.9444159598173405,2.0800015727737944,13.950340239266799,11.870338666493005,1.4941738608014592,,8.0,,1,structure-determined,,,,,0.3967540144958818,0.6032459855041182
122,sand_cast,consumer_durables,15.70341587647964,4.122080259675837,27.817401841856846,23.69532158218101,1.5089278516575195,,16.0,,1,structure-determined,,,,,0.1456490769886933,0.8543509230113067
123,sand_cast,other_end_uses,15.162257900728463,3.8169681402314235,26.17632145796313,22.359353317731706,1.4746717450741595,,15.0,,1,structure-determined,,,,,0.0511596617364911,0.9488403382635088
124,permanent_semi_permanent_mold_cast,transportation_auto,389.9652995955271,282.22150637031405,492.5732991785872,210.35179280827316,0.5394115656609717,,483.0,,1,structure-determined,,,,,0.0004894904341697,0.9995105095658304
125,permanent_semi_permanent_mold_cast,transportation_other,69.79648570710489,18.037774907702246,121.9423408214335,103.90456591373126,1.488679048251198,,70.0,,1,structure-determined,,,,,0.0195140915128697,0.9804859084871304
126,permanent_semi_permanent_mold_cast,machine_industry,18.164815105834165,4.565825557075915,31.407234787854126,26.84140923077821,1.4776593691921094,,18.0,,1,structure-determined,,,,,0.1644290428011052,0.8355709571988948
127,permanent_semi_permanent_mold_cast,electrical_equipment,23.69881279167499,6.038482743243134,41.69107214181761,35.65258939857447,1.5044040269856325,,24.0,,1,structure-determined,,,,,0.1376321134242392,0.8623678865757608
128,permanent_semi_permanent_mold_cast,consumer_durables,46.432857556734554,11.98950564788251,83.16780642509924,71.17830077721673,1.5329295788062722,,48.0,,1,structure-determined,,,,,0.0414610521169157,0.9585389478830842
129,permanent_semi_permanent_mold_cast,other_end_uses,34.835707167201164,8.718936020483861,59.037865612363916,50.31892959188006,1.4444641341817455,,34.0,,1,structure-determined,,,,,0.0122849547621357,0.987715045237864
130,other_cast,other_end_uses,25.14059349754256,20.17516336440028,30.126231570524368,9.951068206124088,0.39581675775063874,,84.0,,1,structure-determined,,,,,4.808795082891405e-05,0.999951912049171
131,import_mill_semifinished_products,rolling,1131.4813192490033,1026.8422468996523,1241.7085944295552,214.8663475299029,0.18989827218050395,,1100.0,,1,observation-driven,,,,,0.6173025473463051,0.3826974526536949
132,import_mill_semifinished_products,extrusion,0.38917011758151066,0.018634556936601307,0.9544422560652261,0.9358076991286248,2.4046237284203156,,0.0,,1,observation-driven,,,,,0.9995084909128228,0.0004915090871772
133,import_mill_semifinished_products,drawing,224.67394721983914,201.9106586268971,246.1501574996215,44.239498872724425,0.19690533513187858,,229.5269584770069,,1,structure-determined,,,,,0.1073107858055861,0.8926892141944138
134,import_mill_semifinished_products,other_milling_processes,0.40189774725377236,0.02135756804188667,0.9532167636351939,0.9318591955933072,2.3186474718030667,,0.0,,1,observation-driven,,,,,0.965692623871585,0.034307376128415
135,import_mill_semifinished_products,sheet_plate,0.39936640600468853,0.018063878347848637,0.9551749262668487,0.9371110479190001,2.346494431752476,,0.0,,1,observation-driven,,,,,0.9997621968670368,0.0002378031329632
136,import_mill_semifinished_products,foil,206.19262092388925,185.58864507596567,226.21376069891633,40.62511562295066,0.19702507025189026,,205.0,,1,structure-determined,,,,,0.2888330604311344,0.7111669395688657
137,import_mill_semifinished_products,extruded_products,0.40044043292459736,0.01866732799238349,0.9522562573146189,0.9335889293222355,2.331405254219245,,0.0,,1,observation-driven,,,,,0.9991465317140124,0.0008534682859875
138,import_mill_semifinished_products,wire,301.8599438680017,272.91337600211256,331.3043487641148,58.390972762002264,0.19343730080177732,,312.0,,1,structure-determined,,,,,0.0865940743140778,0.9134059256859224
139,import_mill_semifinished_products,forging_impacts,0.40157676920638496,0.01876598032314318,0.9510451614246175,0.9322791811014743,2.3215465947990186,,0.0,,1,observation-driven,,,,,0.8043895556332273,0.1956104443667727
140,import_mill_semifinished_products,powerder_paste,15.017278663539793,13.541694075624708,16.491217277210797,2.9495232015860893,0.19640863485787133,,15.0,,1,structure-determined,,,,,0.3504445923336287,0.6495554076663713
141,rolling,scrap_rolling,1695.9994639632723,605.1804128890107,2696.850362225377,2091.6699493363662,1.233296350488506,,1600.0,,1,structure-determined,,,,,0.0002021635429533,0.9997978364570468
142,rolling,sheet_plate,4589.03661981679,4176.763939207514,5027.9828713500565,851.2189321425421,0.1854896795695053,,4512.0,,1,structure-determined,,,,,0.0001432505500167,0.9998567494499832
143,rolling,foil,436.9747653959604,350.6124061070834,525.7931995270792,175.18079341999578,0.4008945305142676,,631.0,,1,structure-determined,,,,,0.0002073378821355,0.9997926621178644
144,rolling,export_milling_semifinished_products,340.47705202093164,227.48651980811553,769.838088383742,542.3515685756265,1.5929166601873779,,1111.0,,1,structure-determined,,,,,0.0076575010156125,0.9923424989843876
145,scrap_rolling,forming_scrap_generated,1698.9932941628463,604.9856160717828,2700.5688047370218,2095.583188665239,1.233426403662062,,1600.0,,1,structure-determined,,,,,0.0001565490288536,0.9998434509711464
146,extrusion,scrap_extrusion,716.3286412296684,211.87131270020146,1248.1816301993485,1036.310317499147,1.4466967504191788,,738.0,,1,structure-determined,,,,,0.0001785841157598,0.99982141588424
147,extrusion,extruded_products,2386.2719512764716,2176.104951686053,2602.1901815911224,426.08522990506935,0.17855686133223272,,2444.0,,1,structure-determined,,,,,0.0001243698943735,0.9998756301056264
148,extrusion,export_milling_semifinished_products,122.58959769711069,48.605609732243565,323.69014271210534,275.08453297986176,2.24394677972212,,229.0,,1,structure-determined,,,,,0.0373302829603616,0.9626697170396382
149,scrap_extrusion,forming_scrap_generated,716.8620590370466,212.15000699979126,1248.737152973522,1036.5871459737307,1.4460064288604804,,738.0,,1,structure-determined,,,,,0.0001755744162885,0.9998244255837114
150,drawing,scrap_drawing,191.83296503803416,134.7659529442955,211.1610537360626,76.3951007917671,0.3982376062248763,,118.0,,1,structure-determined,,,,,0.0003656705121139,0.999634329487886
151,drawing,wire,223.49270355600817,159.59624275183293,290.6742365729725,131.0779938211396,0.5864978665323225,,451.0,,1,structure-determined,,,,,9.009988441719264e-05,0.9999099001155828
152,drawing,export_milling_semifinished_products,55.036166181869035,17.930873176138928,72.91550086349223,54.984627687353296,0.9990635522404407,,41.0,,1,structure-determined,,,,,0.0180532924598011,0.981946707540199
153,scrap_drawing,forming_scrap_generated,191.75958040933978,134.4860246100834,211.0764464372833,76.59042182719989,0.3994085805971523,,118.0,,1,structure-determined,,,,,0.0004360206797855,0.9995639793202143
154,other_milling_processes,scrap_other_milling_processes,165.17897407252343,58.64462845118587,317.04900518747945,258.40437673629356,1.5643902511637988,,209.0,,1,structure-determined,,,,,0.0001339124256193,0.9998660875743806
155,other_milling_processes,forging_impacts,143.98259316955847,125.55870255570888,163.30337542271465,37.744672867005775,0.2621474723861686,,200.0,,1,structure-determined,,,,,8.969255538426707e-05,0.9999103074446156
156,other_milling_processes,powerder_paste,39.76738227888224,29.306947395310864,50.280655254292604,20.97370785898174,0.5274098182248083,,55.0,,1,structure-determined,,,,,0.0001917598237407,0.9998082401762592
157,other_milling_processes,export_milling_semifinished_products,0.39045508137388285,0.017157820789962953,0.956424306858405,0.939266486068442,2.4055686066716624,,0.0,,1,observation-driven,,,,,0.965692623871585,0.034307376128415
158,scrap_other_milling_processes,forming_scrap_generated,165.29844835953878,58.48566427492081,317.1507318609913,258.6650675860705,1.5648366343007107,,209.0,,1,structure-determined,,,,,0.0001682106692054,0.9998317893307944
159,sheet_plate,scrap_sheet_plate,823.7241012139458,705.424198007367,941.2956412324679,235.87144322510096,0.28634762886929066,,788.0,,1,structure-determined,,,,,0.0002053689824083,0.9997946310175916
160,sheet_plate,building_construction,215.89961165243642,115.88138426864634,569.0515635007912,453.17017923214485,2.098985615414982,,557.0,,1,structure-determined,,,,,0.0008956914460386,0.9991043085539612
161,sheet_plate,transportation_auto,809.6920145967151,645.4708482283227,975.2649500745744,329.7941018462517,0.4073080824571462,,888.0,,1,structure-determined,,,,,0.0947419626932963,0.9052580373067036
162,sheet_plate,transportation_other,569.8669202714915,454.50738925586927,682.6913485770276,228.18395932115834,0.4004162221110303,662.0,604.0,,2,structure-determined,,,,,0.0654031433020471,0.934596856697953
163,sheet_plate,machine_industry,279.9289777015679,223.59679331515218,335.4895465033241,111.89275318817192,0.39971836466127036,,287.0,,1,structure-determined,,,,,0.0799069672429286,0.9200930327570712
164,sheet_plate,electrical_equipment,150.36085946716557,121.79421626021126,179.9280624909784,58.13384623076713,0.38662885033230254,,153.0,,1,structure-determined,,,,,0.4545391019571629,0.545460898042837
165,sheet_plate,consumer_durables,274.81597413233465,220.15096394930995,329.44672329214524,109.29575934283528,0.3977052632690307,,285.0,,1,structure-determined,,,,,0.2563107507397845,0.7436892492602155
166,sheet_plate,container_packages,1421.0308565076534,1127.6456818953154,1724.7422211247683,597.0965392294529,0.4201854847099424,,1706.0,,1,structure-determined,,,,,0.0116395120411454,0.9883604879588545
167,sheet_plate,other_end_uses,32.9109126187218,26.48101145073391,39.20955526821605,12.72854381748214,0.38675754649967814,,33.0,,1,structure-determined,,,,,0.4478742512849545,0.5521257487150455
168,scrap_sheet_plate,fabrication_scrap_generated,824.5746241147558,708.0131703120825,941.2852824230866,233.27211211100416,0.2828999405134977,,788.0,,1,structure-determined,,,,,0.0065731093361201,0.99342689066388
169,foil,scrap_foil,31.040464165362856,25.272029249085847,36.9534821326239,11.68145288353805,0.3763298390548245,,31.0,,1,structure-determined,,,,,0.0001954661524429,0.9998045338475572
170,foil,building_construction,16.53338890249033,4.336896194201054,29.336208840709464,24.99931264650841,1.5120501183361692,,17.0,,1,structure-determined,,,,,0.1838237396302353,0.8161762603697645
171,foil,transportation_auto,35.86237914699055,29.235683233755786,42.737502848724866,13.50181961496908,0.3764897905860802,,36.0,,1,observation-driven,,,,,0.7712273778450145,0.2287726221549855
172,foil,transportation_other,11.025702686776775,8.945981902147436,13.150566432212967,4.204584530065532,0.38134390609934804,27.0,11.0,,2,multi-source,,,,,0.9699824736327274,0.0300175263672726
173,foil,machine_industry,2.996075235853018,2.4287703774662464,3.566071644367945,1.1373012669016989,0.37959703190761024,,3.0,,1,observation-driven,,,,,0.9968012278098594,0.0031987721901406
174,foil,electrical_equipment,5.010324319615128,4.057649748502391,5.955087452383283,1.8974377038808914,0.3787055653169064,,5.0,,1,observation-driven,,,,,0.9933438260837706,0.0066561739162294
175,foil,consumer_durables,134.57500477053856,108.93957308412841,160.33313871906182,51.39356563493341,0.3818953283528666,,137.0,,1,structure-determined,,,,,0.1742472427798466,0.8257527572201533
176,foil,container_packages,405.44535291227464,325.9098332954066,485.5038108275315,159.59397753212488,0.3936263577465541,,423.0,,1,structure-determined,,,,,0.0222190806328111,0.9777809193671888
177,foil,other_end_uses,1.0000362590598773,0.8093456808409584,1.1875116885286063,0.37816600768764796,0.37815229624089586,,1.0,,1,observation-driven,,,,,0.9986530295988756,0.0013469704011245
178,scrap_foil,fabrication_scrap_generated,31.01771779021442,25.322493153494175,36.890694779701924,11.568201626207749,0.3729546352974211,,31.0,,1,structure-determined,,,,,0.0105146439522024,0.9894853560477976
179,extruded_products,scrap_extruded_products,103.4908457553529,83.74221205728925,123.17354072391983,39.43132866663058,0.3810127202926164,,103.0,,1,structure-determined,,,,,0.0001968690878963,0.9998031309121036
180,extruded_products,building_construction,831.8394762938685,660.8376090023545,1000.0798818706171,339.2422728682626,0.4078218004027698,,915.0,,1,structure-determined,,,,,0.0151625469813685,0.9848374530186316
181,extruded_products,transportation_auto,275.4214876059498,222.24417425136676,330.81645974459093,108.57228549322417,0.3942041212432938,,284.0,,1,structure-determined,,,,,0.3456596226834755,0.6543403773165244
182,extruded_products,transportation_other,435.1689383612637,348.63593234506004,521.9710431490414,173.33511080398137,0.398316827153881,212.0,480.0,,2,structure-determined,,,,,0.0850155055021875,0.9149844944978124
183,extruded_products,machine_industry,231.87639821799598,187.79483247703615,276.9136804070947,89.11884793005856,0.38433772740541916,,237.0,,1,structure-determined,,,,,0.1053775947625601,0.8946224052374397
184,extruded_products,electrical_equipment,237.66335662032418,191.33174735224563,283.649516565539,92.31776921329336,0.38843922145210774,,243.0,,1,structure-determined,,,,,0.212881339026856,0.787118660973144
185,extruded_products,consumer_durables,239.21341604255682,193.21565899519865,284.8198005938141,91.60414159861543,0.3829389802381266,,247.0,,1,structure-determined,,,,,0.258264674200222,0.741735325799778
186,extruded_products,other_end_uses,38.84693421139927,31.393922708620245,46.24857863108095,14.854655922460708,0.382389401480793,,39.0,,1,structure-determined,,,,,0.365087407362987,0.6349125926370129
187,scrap_extruded_products,fabrication_scrap_generated,103.49346431032347,84.05009881057525,122.76957201124856,38.719473200673306,0.37412481511463946,,103.0,,1,structure-determined,,,,,0.0104737575385337,0.989526242461466
188,wire,building_construction,17.615624956838445,4.563477681187215,27.162994808668216,22.599517127481,1.282924516323095,,15.422128,,1,structure-determined,,,,,0.141248638790438,0.858751361209562
189,wire,transportation_other,12.303685991526741,9.988754844291782,14.598202500290235,4.609447655998453,0.37463957217153226,,12.246984,,1,observation-driven,,,,,0.9375104112053968,0.0624895887946033
190,wire,machine_industry,8.654481690675798,7.012351381594439,10.21193181684995,3.19958043525551,0.3697021438849062,,8.618248,,1,observation-driven,,,,,0.961135120231227,0.038864879768773
191,wire,electrical_equipment,471.5940893626388,408.8112398320105,536.103925311251,127.29268547924056,0.2699200188265233,,407.325616,,1,structure-determined,,,,,0.0130481869282114,0.9869518130717884
192,wire,consumer_durables,10.034120582068086,8.099202171815687,11.948300936377997,3.84909876456231,0.38360100749048304,,10.0,,1,observation-driven,,,,,0.957822234173669,0.0421777658263311
193,wire,other_end_uses,5.016594387228459,4.053034973276727,5.96534417512701,1.9123092018502827,0.38119669525579986,,5.0,,1,observation-driven,,,,,0.9630049945276028,0.0369950054723972
194,forging_impacts,transportation_auto,32.89284234512192,26.701161404287028,39.15254684550198,12.451385441214953,0.3785439187824253,,33.03446076315101,,1,structure-determined,,,,,0.169586613855787,0.830413386144213
195,forging_impacts,transportation_other,91.94557628921407,74.73599717275813,109.88387912230486,35.14788194954673,0.3822683305501218,,93.064115236849,,1,structure-determined,,,,,0.0249362937497939,0.975063706250206
196,forging_impacts,machine_industry,4.52836636266242,3.6890752294844837,5.396771637342906,1.707696407858422,0.37711092060457635,,4.53592,,1,observation-driven,,,,,0.9132857448772332,0.0867142551227669
197,forging_impacts,electrical_equipment,0.45367481660614883,0.3663914792146626,0.5412953688451897,0.1749038896305271,0.38552699693350484,,0.453592,,1,observation-driven,,,,,0.9990696052109264,0.0009303947890737
198,forging_impacts,consumer_durables,9.948877109120607,8.079923708063145,11.847002690746624,3.767078982683479,0.3786436339865953,,9.979024,,1,observation-driven,,,,,0.6900440827293004,0.3099559172706995
199,forging_impacts,container_packages,0.06526368151880188,0.002993356582437318,0.2177026661924552,0.21470930961001788,3.2898743162100357,,0.0,,1,observation-driven,,,,,0.9955160115210808,0.0044839884789189
200,forging_impacts,other_end_uses,4.5346671358271635,3.6875711368518242,5.355738634444746,1.668167497592922,0.36786988937141324,,4.53592,,1,observation-driven,,,,,0.8965697288378731,0.1034302711621269
201,powerder_paste,other_end_uses,54.79202559693155,44.53234117634121,65.03811668853847,20.505775512197253,0.37424744365255974,,55.0,,1,structure-determined,,,,,0.0101552108454455,0.9898447891545544
202,import_finished_consumption,building_construction,203.8144942223999,183.9464919229928,223.99093479466853,40.04444287167573,0.19647495152125793,,204.0,,1,observation-driven,,,,,0.5945761974237517,0.4054238025762484
203,import_finished_consumption,transportation_auto,655.6234000676229,590.2238555534175,720.3786979602024,130.15484240678495,0.19852073979263157,,656.0,,1,observation-driven,,,,,0.5313617830138354,0.4686382169861646
204,import_finished_consumption,transportation_other,225.4049426126303,203.00485048356316,247.62601353335089,44.621163049787725,0.19796000270708985,,225.0,,1,observation-driven,,,,,0.6781305926687415,0.3218694073312584
205,import_finished_consumption,machine_industry,241.24256142071096,217.23938600090761,264.44477983059664,47.20539382968903,0.1956760596127396,,241.0,,1,structure-determined,,,,,0.3242933740441094,0.6757066259558905
206,import_finished_consumption,electrical_equipment,515.8672414125517,466.02111804821595,567.0007543558718,100.97963630765582,0.1957473322615962,,516.0,,1,structure-determined,,,,,0.2321777491100333,0.7678222508899667
207,import_finished_consumption,consumer_durables,906.3862044149561,817.8468177227539,993.7125535525148,175.86573582976087,0.1940295814004326,,911.0,,1,structure-determined,,,,,0.1267284104250721,0.8732715895749279
208,import_finished_consumption,container_packages,0.37081192572030414,0.017852839860499,0.945832836164657,0.927979996304158,2.502562436473832,,0.0,,1,observation-driven,,,,,0.9989568144702424,0.0010431855297575
209,import_finished_consumption,other_end_uses,0.3760333498467726,0.019568936224334105,0.9411219482397715,0.9215530120154374,2.450721491567051,,0.0,,1,observation-driven,,,,,0.9546601199030852,0.0453398800969149
210,building_construction,export_finished_consumption,53.596166794023745,14.638887687591101,95.2789360971526,80.6400484095615,1.5045861156352938,,55.0,,1,structure-determined,,,,,0.1126195389499645,0.8873804610500355
211,building_construction,consumption_building_construction,1267.039547593858,1038.9843721885982,1627.9780867653799,588.9937145767817,0.46485819301796577,,1674.51826026986,,1,structure-determined,,,,,0.0001368957701682,0.9998631042298318
212,transportation_auto,export_finished_consumption,798.9986461185567,211.07860918833754,1398.0531583483137,1186.974549159976,1.4855776726608505,,802.0,,1,structure-determined,,,,,0.0036883530466077,0.9963116469533922
213,transportation_auto,consumption_transportation_auto,2614.1940001046532,1917.8939874039886,3300.307566954833,1382.4135795508444,0.5288106313056731,,2736.963739955534,,1,structure-determined,,,,,0.0004095575633575,0.9995904424366424
214,transportation_other,export_finished_consumption,226.60494074326965,60.356922442151884,392.36139544702183,332.00447300486996,1.4651245992955286,,226.0,,1,structure-determined,,,,,0.0100879777399252,0.9899120222600748
215,transportation_other,consumption_transportation_other,1383.2454680511369,1113.7295181902384,1653.3113998517208,539.5818816614824,0.39008396855382627,,1464.779895135754,,1,structure-determined,,,,,0.0003125998760681,0.9996874001239318
216,machine_industry,export_finished_consumption,128.42995343446447,33.89811720777793,229.27438693203877,195.37626972426085,1.5212671538026985,,133.0,,1,structure-determined,,,,,0.007631491008144,0.992368508991856
217,machine_industry,consumption_machine_industry,699.9586624715698,563.6107508708766,831.3060261118133,267.69527524093667,0.38244440649637595,,1563.329674932784,,1,structure-determined,,,,,7.173850690968888e-05,0.9999282614930902
218,electrical_equipment,export_finished_consumption,270.94395150993944,70.08161372620732,469.0705851869356,398.9889714607283,1.4725885897699826,,270.0,,1,structure-determined,,,,,0.0053607197805621,0.9946392802194378
219,electrical_equipment,consumption_electrical_equipment,1189.1199853322755,956.9341106555968,1425.0379957631499,468.1038851075531,0.39365572093782525,,1160.774041485902,,1,structure-determined,,,,,0.000375726109836,0.999624273890164
220,consumer_durables,export_finished_consumption,232.31332367373855,65.81600464439803,365.75825388960556,299.9422492452075,1.2911108347209874,,209.0,,1,structure-determined,,,,,0.0132766939986981,0.986723306001302
221,consumer_durables,consumption_consumer_durables,1505.9742483216414,1291.4085956218796,1686.021649609807,394.6130539879273,0.262031740866559,,949.1801201058628,,1,structure-determined,,,,,0.0008401750042489,0.9991598249957512
222,container_packages,export_finished_consumption,0.3972877317396465,0.019985397245355294,0.9511975296295989,0.9312121323842436,2.3439237056393485,,0.0,,1,observation-driven,,,,,0.9986557638130916,0.0013442361869083
223,container_packages,consumption_container_packages,1828.9325194990138,1520.378633343066,2140.7130622918585,620.3344289487925,0.3391784127271772,,2129.160848,,1,structure-determined,,,,,0.0002111915255954,0.9997888084744044
224,other_end_uses,export_finished_consumption,0.3853388823182232,0.019377987539592488,0.9552468654015795,0.935868877861987,2.4286904872712047,,0.0,,1,observation-driven,,,,,0.942313783014673,0.0576862169853271
225,other_end_uses,consumption_other_end_uses,286.8312088393285,218.24597992003604,352.71477005290023,134.4687901328642,0.46880808638988897,,342.915552,,1,structure-determined,,,,,0.0001790260760558,0.9998209739239442
226,eol_scrap_building_construction,eol_scrap_generated,219.17214528612374,57.464828849968704,392.2835627530335,334.8187339030648,1.5276518531402217,795.0,207.0,,2,structure-determined,,,,,0.1127203865500271,0.8872796134499729
227,eol_scrap_transportation_auto,eol_scrap_generated,1003.3583561938552,335.36879553161793,2061.431541358286,1726.0627458266679,1.720285414649182,,1402.0,,1,structure-determined,,,,,0.0026693052445653,0.9973306947554346
228,eol_scrap_transportation_other,eol_scrap_generated,412.90920828241974,111.17143345217602,757.4623345790163,646.2909011268403,1.5652130980929666,,441.0,,1,structure-determined,,,,,0.0263381966302728,0.9736618033697272
229,eol_scrap_machine_industry,eol_scrap_generated,215.11951585047402,56.22671120870509,388.6040245138623,332.37731330515726,1.545082100018239,,224.0,,1,structure-determined,,,,,0.0948979030418542,0.9051020969581458
230,eol_scrap_electrical_equipment,eol_scrap_generated,271.7845321340078,72.49404990673405,497.87599616383454,425.3819462571005,1.5651440606905436,,287.0,,1,structure-determined,,,,,0.0600347993577771,0.9399652006422228
231,eol_scrap_consumer_durables,eol_scrap_generated,642.8463377384963,180.29394701573034,1270.2706570543353,1089.976710038605,1.6955478254307128,,754.0,,1,structure-determined,,,,,0.0091687908746798,0.9908312091253202
232,eol_scrap_container_packages,eol_scrap_generated,1593.7982600484715,1286.4131670448442,1888.3198266818943,601.9066596370501,0.37765548797797316,,1608.0,,1,structure-determined,,,,,0.0994691174353737,0.9005308825646263
233,eol_scrap_other_end_uses,eol_scrap_generated,235.94771848888678,61.472744091897226,427.3304513823589,365.8577072904617,1.5505880270153733,,247.0,,1,structure-determined,,,,,0.0793851300228254,0.9206148699771746
