flow_idx,flow_label,rhat,ess,mean,sd,q2.5,q97.5,converged
0,bauxite_mining -> bauxite,0.9994694545745232,3200.0,157.74111493578772,50.558777962994384,61.53357869585041,259.437416161707,True
1,import_of_bauxite -> bauxite,0.9997789506839081,3200.0,3213.6031799803704,137.68593542811843,2950.217518307916,3489.6183638953144,True
2,bauxite -> export_bauxite,0.9990329941824905,3046.7130974682977,6.000894479247612,0.5821703160507427,4.845021150105463,7.141239690591394,True
3,bauxite -> bauxite_non_aluminum_use,1.0014911451867488,3200.0,173.36370030572667,36.49084385646366,100.31325078897346,245.6810589472501,True
4,bauxite -> bauxite_refining_to_alumina,0.9993679086521425,3200.0,3187.8333835329163,139.72037869496435,2924.190957018007,3460.0987725926734,True
5,import_alumina -> primary_smelting_hall_hauroult_to_aluminum,0.999916876637694,3200.0,1210.188092984796,188.5140360121704,835.4868095763097,1576.2000456732087,True
6,bauxite_refining_to_alumina -> waste_bauxite,0.9996902293321901,3200.0,1760.7513214617375,115.82338122616869,1528.6747644560833,1989.8172486155459,True
7,bauxite_refining_to_alumina -> export_alumina,0.9996623321060689,3200.0,186.1730797968395,16.22237012062701,154.23493707094053,217.6297485766213,True
8,bauxite_refining_to_alumina -> alumina_non_aluminum_use,0.9991156130428399,2933.8330227957495,667.7561058365685,48.342932869596446,573.6260045799335,763.3265892683074,True
9,bauxite_refining_to_alumina -> primary_smelting_hall_hauroult_to_aluminum,1.000344111350166,3200.0,569.4441781997524,42.38873685252866,486.6574440076422,653.9556153016064,True
10,primary_smelting_hall_hauroult_to_aluminum -> waste_alumina,0.9998814876432698,3200.0,866.7931406475739,169.07925393094078,535.5613342630156,1197.0356197336534,True
11,primary_smelting_hall_hauroult_to_aluminum -> remelting,1.000897708200652,3200.0,648.1846358829438,70.21315185584925,513.5982449557748,783.8541355682061,True
12,primary_smelting_hall_hauroult_to_aluminum -> refining,0.9999917730897865,2740.3232354559073,264.70597119843546,62.80909690546942,145.0052100727589,392.13000538946767,True
13,import_unwrought_aluminum_ingot -> remelting,0.9996360789459429,3083.127099657913,2710.4890068147074,97.74604744186003,2526.5945539021195,2903.7026103684616,True
14,import_unwrought_aluminum_ingot -> refining,0.9996591963379479,3200.0,1247.7763037289947,49.69769965217089,1151.496733382309,1347.010420402455,True
15,remelting -> loss_remelting,0.9990375636154754,3123.994137046332,181.03028340535226,100.94899201890036,14.716075037668904,395.855336644444,True
16,remelting -> wrought_aluminum_ingot,0.9999699164153311,2918.857999921994,10101.309222606109,897.55360303867,8394.289807818857,11871.516220348767,True
17,refining -> loss_refining,0.999746130884669,3200.0,90.29890500807079,35.013621618049605,22.733289080223578,159.8868447234916,True
18,refining -> cast_aluminum_ingot,0.9993839527651468,3200.0,2621.3667266200214,233.3126401477446,2176.0404119434743,3084.430578152204,True
19,alloying_element_si -> remelting,1.0004774941123429,3089.0154647532127,1230.942415074098,564.7602356691762,197.53221816064362,2360.92567861922,True
20,alloying_element_si -> refining,0.9998126459097738,3189.8881037451197,510.6131104464854,234.93223137260995,74.97127426957843,986.1193236153196,True
21,alloying_element_mg -> remelting,1.0000165208506218,2739.1887439994634,691.202459359941,405.72127990564434,58.155896672233446,1567.7245299972576,True
22,alloying_element_mg -> refining,1.000075269692557,2972.9099283722585,4.454219523483892,2.799280665377896,0.29906069721461154,10.750580628700739,True
23,alloying_element_other -> remelting,0.9991507361666772,3200.0,125.6717435996845,86.42964522126336,8.017710091115587,331.1247208679506,True
24,alloying_element_other -> refining,0.999163264374691,3200.0,124.50549137715507,85.8207091459782,8.761172765150846,325.5931981260661,True
25,import_scrap -> eol_scrap_generated,1.0000256050239869,3011.2862138826786,684.257537836302,33.33676387254471,620.0638113533483,750.0033888543799,True
26,eol_scrap_generated -> export_eol_scrap,0.9998019128353562,3200.0,1933.478947794677,92.45455274744616,1752.0097954457888,2106.4845113819233,True
27,eol_scrap_generated -> loss_eol_scrap,1.0002633716893747,3200.0,2049.2635171868606,330.49790754186097,1400.6777518351362,2695.721078252627,True
28,eol_scrap_generated -> eol_scrap_recycled,0.9995661107648147,2749.463290421035,1778.509269166008,137.32834924720558,1507.3901538357393,2037.136790125806,True
29,eol_scrap_recycled -> remelting,0.9998044515631342,2580.403538637572,1228.582803958928,129.9464389006799,977.4383485180251,1492.5334233280555,True
30,eol_scrap_recycled -> refining,1.0003486012811287,2434.386535600093,550.0603426659604,92.53981445043006,367.23138291054227,732.0694009714192,True
31,forming_scrap_generated -> loss_forming_scrap,0.9997907307076074,2874.760979860313,77.26258113394073,29.748555111578902,20.506242378855525,138.43413356651897,True
32,forming_scrap_generated -> forming_scrap_recycled,0.9993903624405872,3169.1307404885065,2723.655048297338,392.83905560832363,1946.9384849825233,3469.630794311486,True
33,forming_scrap_recycled -> remelting,0.9994251857982637,3191.687803617059,2718.4703665835304,393.3115800696858,1941.8291116949406,3478.6922587168715,True
34,forming_scrap_recycled -> refining,1.000065583086146,3200.0,5.498083122679747,4.115548660813594,0.24944281059233345,15.458151084662028,True
35,fabrication_scrap_generated -> loss_fabrication_scrap,0.9999292496376955,3200.0,42.97937752671998,14.999812387260208,12.909650793334823,71.44589647180499,True
36,fabrication_scrap_generated -> fabrication_scrap_recycled,1.0001330887985036,2828.2748053523424,927.409510488384,124.31219314835042,686.3355185536435,1172.8640091773273,True
37,fabrication_scrap_recycled -> remelting,1.000108977507246,2842.2222364135773,922.3242529587155,124.53490015968111,681.1265370942418,1169.688244238297,True
38,fabrication_scrap_recycled -> refining,0.9993009540801513,3200.0,5.077395052380683,3.755347315777463,0.2099421752929603,13.865304055120525,True
39,wrought_aluminum_ingot -> 1xxx,0.9999447460661621,3088.786430986772,1554.8963708840831,355.10462152284754,859.9875724745102,2274.448615899873,True
40,wrought_aluminum_ingot -> 2xxx,1.0013950376515826,3200.0,231.16191030644765,116.01332434972991,50.77481463251862,488.04024119602815,True
41,wrought_aluminum_ingot -> 3xxx,1.0021166111842712,3200.0,1910.1989597351953,435.3503796579176,1054.137433214178,2779.9700550300527,True
42,wrought_aluminum_ingot -> 4xxx,0.9999843005914442,3200.0,145.56123798712645,89.19155301537006,18.629245104349078,358.2285148698957,True
43,wrought_aluminum_ingot -> 5xxx,0.9992693670425417,3068.100554870211,2496.5426340658405,511.1268481672872,1520.1164838043792,3499.286612744893,True
44,wrought_aluminum_ingot -> 6xxx,0.9996865962876965,2807.764768324519,3123.535011370517,476.3114951202053,2218.280017172194,4059.333790825604,True
45,wrought_aluminum_ingot -> 7xxx,0.9991051583822683,2589.1272365372733,503.9806097448161,149.1509469870085,227.59821392468783,805.6591578553653,True
46,wrought_aluminum_ingot -> 8xxx,0.9995596512225863,3200.0,118.75018878685778,80.00302147754753,16.563881958778182,319.42743941169647,True
47,cast_aluminum_ingot -> 36x,0.999164939510321,3200.0,140.01175670103737,45.58956654009984,52.7444625449604,231.20494451206102,True
48,cast_aluminum_ingot -> 38x,0.9992060439791636,3200.0,1302.8116896730282,130.70525485148508,1053.0244908187005,1566.2195057578217,True
49,cast_aluminum_ingot -> 2xx,0.9995963899569357,3009.7034134073288,9.537055911974807,6.019855773815781,0.7523175290716362,22.73823415576638,True
50,cast_aluminum_ingot -> 3xx,0.9998151388994354,3139.059415547482,556.8079718089684,70.20788413023588,422.20172069190016,694.4226117974497,True
51,cast_aluminum_ingot -> 4xx,0.9995837296738996,3200.0,12.37285721902492,7.947706255990782,0.9311848060823391,30.51823370344361,True
52,cast_aluminum_ingot -> 5xx,0.999883237054922,3200.0,52.46912907685233,30.102683826980098,5.234306982076748,117.06303192921912,True
53,cast_aluminum_ingot -> 7xx,0.9991913222558607,3046.9848605265856,12.220076399681602,7.984652217845182,0.9964339120622844,29.72114926795015,True
54,cast_aluminum_ingot -> other,0.9997188951398472,3200.0,280.1614795989453,51.036302095449464,183.03404039324082,383.68422643355393,True
55,36x -> die_cast,0.9991500948248854,3200.0,139.96363291897336,45.614255888270435,52.53542455538896,230.81860355155428,True
56,38x -> die_cast,0.9991813161149141,3200.0,1302.4749996652931,131.232959884299,1047.7357233820762,1563.0267195597958,True
57,2xx -> sand_cast,0.9995250735590402,3008.0610616357567,3.1800428634940014,2.0101584548979305,0.24056248583127673,7.636456951426078,True
58,3xx -> sand_cast,0.9997033137221036,3200.0,188.1156546025061,27.779913034543704,134.46324971529,243.72767332811605,True
59,4xx -> sand_cast,0.9995478863491364,3200.0,4.116719531329597,2.651246116239292,0.2746911484536618,10.267538448287288,True
60,5xx -> sand_cast,0.999808068336982,3200.0,17.515525195092227,10.073057526251128,1.6842245221550858,39.0899507558309,True
61,7xx -> sand_cast,0.9991944224106541,3058.6367582949115,4.07079031712308,2.661716728927481,0.31379839164668494,9.95498441801975,True
62,other -> sand_cast,0.9996495884798068,3200.0,85.22111537220493,16.676348469220947,53.4879266613228,118.21346390370114,True
63,2xx -> permanent_semi_permanent_mold_cast,0.9996180271518706,3012.2211477025326,6.356739288248561,4.014704402182999,0.5116871888455848,15.148702998158537,True
64,3xx -> permanent_semi_permanent_mold_cast,1.0000934722664199,3113.8560421734855,368.70603232534796,48.49220291224717,275.6572391650077,467.002196520489,True
65,4xx -> permanent_semi_permanent_mold_cast,0.9995870304693361,3200.0,8.255878907094097,5.303694267283776,0.6314126157835407,20.26828527073768,True
66,5xx -> permanent_semi_permanent_mold_cast,0.9999144068989095,3200.0,34.936864298471825,20.10002507402466,3.314185051871175,77.54139835752468,True
67,7xx -> permanent_semi_permanent_mold_cast,0.9991910969180439,3049.0276966429965,8.149929649320478,5.329690308532722,0.5933129046879527,19.899127218901572,True
68,other -> permanent_semi_permanent_mold_cast,0.9997004593486044,3200.0,169.96714629524115,31.65448797919965,110.39276777173002,232.5848329298339,True
69,other -> other_cast,1.0001651760412302,3200.0,24.96309556314209,6.764206259226404,11.877440557662062,38.43097323807631,True
70,cast_aluminum_ingot -> export_cast_aluminum_ingot,1.0001901525837702,3200.0,254.22516047316213,17.06384720947603,218.24103930809991,284.6157457558306,True
71,wrought_aluminum_ingot -> export_wrought_aluminum_ingot,1.0001658011451438,3118.6120451743186,21.154882636274557,16.331025015233532,0.685196673491373,60.69887730252743,True
72,die_cast -> scrap_cast,0.999463891294507,3200.0,503.64177219658797,111.3478665346136,289.96178212979686,725.2354509312923,True
73,scrap_cast -> die_cast,0.9994639405897713,3200.0,503.641822169829,111.3477613350133,289.96439012264716,725.2332574909781,True
74,sand_cast -> scrap_sand_cast,0.9996364816572871,2887.6809158028113,190.68867512719993,71.08397444302338,56.409002097252234,333.4217513119448,True
75,scrap_sand_cast -> sand_cast,0.999649250327709,2900.0405548244958,190.75700726467025,71.16724083917279,53.63728645233817,333.55351998996883,True
76,permanent_semi_permanent_mold_cast -> scrap_semi_permanent_mold_cast,0.9994075271766224,2719.0749399450756,193.4659207874647,54.03488102580856,87.09472864144188,300.9586199794794,True
77,scrap_semi_permanent_mold_cast -> permanent_semi_permanent_mold_cast,0.9994075812546529,2719.090857048171,193.4658391483161,54.034946990898774,87.0927279595252,300.9670985204505,True
78,other_cast -> scrap_other_cast,1.0012753674394683,3019.0684615212467,15.88663781984978,6.077154848291497,4.429980406669647,28.416441495321333,True
79,scrap_other_cast -> other_cast,1.0012812784941223,3017.5627030642936,15.889944684397497,6.077493165357815,4.3782578306949445,28.42257556759716,True
80,die_cast -> export_cast_semifinished_products,0.9996792768408058,2842.9812747554643,24.634051423829582,15.508771894025976,1.525804327409571,59.399402594643504,True
81,1xxx -> rolling,1.0000292393311907,3200.0,1132.171782285253,320.4093018980822,470.8847431795129,1764.6909405698916,True
82,1xxx -> extrusion,0.9998059136248282,3099.0851239762187,289.85224180610186,166.48147795935347,20.31975194229224,645.5543420163473,True
83,1xxx -> drawing,0.9996966425935682,3123.576155890183,63.01221200371436,43.48795801083901,3.478557780679374,164.38174223836788,True
84,1xxx -> other_milling_processes,1.000270471491387,3200.0,70.3002449174824,43.16234195883091,4.180079274532401,163.75399065185744,True
85,2xxx -> rolling,1.0015751022009143,3200.0,110.27426347578115,58.054918183053964,16.297219026045756,239.67522382694008,True
86,2xxx -> extrusion,1.0009834720786353,3200.0,106.53661032497992,56.57796041482587,14.192753660727144,229.4741859075725,True
87,2xxx -> drawing,1.0017711707286492,2885.8778277972433,4.920051372954154,3.036548632895703,0.3028214163323268,11.79925833540759,True
88,2xxx -> other_milling_processes,1.0010580097201929,3200.0,9.436625718936497,5.274873725147411,0.8353568867643402,20.915623466544144,True
89,3xxx -> rolling,1.0018339807104242,3200.0,1466.5733244958055,339.05987272858965,788.6701461134226,2139.3415510519944,True
90,3xxx -> extrusion,1.002587931274017,3200.0,386.28746362245806,105.92802118128215,177.4940235017409,596.2953358091826,True
91,3xxx -> drawing,1.0002788284983104,3200.0,34.075985919759276,15.741658805872541,5.14589357673973,66.83215787249539,True
92,3xxx -> other_milling_processes,1.001832008822996,3110.8612419104484,23.217563615973127,12.813760210164103,2.1523015767924387,50.445841793798984,True
93,4xxx -> rolling,1.0002795720406685,3200.0,41.11196499405629,26.144960155439,3.9800434700793925,101.24615930506188,True
94,4xxx -> other_milling_processes,0.999854755169742,3200.0,104.44804705705917,65.97411781433412,6.94942286583754,261.2533166215123,True
95,5xxx -> rolling,0.9992710323694102,3085.34759936091,2226.633859661232,457.41685956844447,1351.5746632217222,3130.1762285219484,True
96,5xxx -> extrusion,0.999347410208899,3123.1630047359786,196.19911577045977,53.49288867882127,88.0466946407783,302.5377989550369,True
97,5xxx -> drawing,0.9996639529857685,3129.5470538071227,44.01004830616987,19.487023486748893,7.1792380037839205,82.9640851304729,True
98,5xxx -> other_milling_processes,0.9989679728293153,3200.0,29.86460693427586,16.330749163184137,2.401316916426853,63.917657326255984,True
99,6xxx -> rolling,0.9994268387594326,2694.494140648467,998.0102269955307,285.57302314139116,441.08112165492275,1581.4681167423032,True
100,6xxx -> extrusion,0.999416408330241,3026.43193424082,2040.5879579603736,397.38172120063484,1242.4161263119904,2817.3004810367956,True
101,6xxx -> drawing,0.9989615792236952,3200.0,49.34661959364735,37.97945002760965,1.998399454441836,142.4219114047174,True
102,6xxx -> other_milling_processes,1.0004519640202445,3183.5396301390006,34.9193901270539,26.75282715449489,1.561690665543498,99.57199710994864,True
103,7xxx -> rolling,0.9993131856364078,2693.994738879392,169.1653696387935,69.80801690080617,36.83586396921775,312.5921482648376,True
104,7xxx -> extrusion,0.9989925489453992,3012.4826985593695,158.02802112657255,67.4261832440712,30.949263040332905,293.7460596377018,True
105,7xxx -> drawing,0.9996723441593361,3200.0,7.63804063165409,5.4914026167790215,0.38854248579505457,20.724847125076067,True
106,7xxx -> other_milling_processes,0.9990962394102652,2648.8307905777788,169.16639373764457,68.28256717511033,40.19959048408412,307.5853282343741,True
107,8xxx -> rolling,0.9995357592846587,3200.0,11.504363325478478,7.81632894207797,1.0515173525454298,31.36235071890008,True
108,8xxx -> extrusion,0.9995361551804649,3200.0,55.371705274387395,37.615424933601524,5.720935120177959,149.02688887179588,True
109,8xxx -> drawing,0.9996058724912253,3200.0,46.92992534823536,32.09823556933768,4.978188688909299,128.36260831219641,True
110,8xxx -> other_milling_processes,0.9996069828649664,2817.3046675197265,4.94627109364981,3.3567019271446106,0.48167983600060293,13.24921561436092,True
111,die_cast -> building_construction,0.9992011288173898,3200.0,27.66774116294122,17.042191961049273,1.6980900446055902,65.51774228589149,True
112,die_cast -> transportation_auto,0.9992417839225773,2811.956828524915,991.6283211831847,118.91296842697578,756.8243086003167,1230.9747970606297,True
113,die_cast -> transportation_other,0.9998794382193088,2739.22867707872,148.34131673263894,40.080505350198806,69.71517167033706,228.0683688949341,True
114,die_cast -> machine_industry,1.0003766861497512,3195.990157498271,38.41089329892771,20.059333465261656,4.1254958913056266,79.87333492810366,True
115,die_cast -> electrical_equipment,0.9998596654766128,3051.2349869572263,47.191268183598574,21.3073654299718,8.434906567503237,89.53996228324955,True
116,die_cast -> consumer_durables,0.999030280771247,3117.1534318001654,92.08206337204656,25.63965309364839,43.04627897010341,141.51781697859673,True
117,die_cast -> other_end_uses,1.0001321927116575,3183.6378766468574,72.19865018060709,23.571362784140295,27.17634867653368,120.54202589938244,True
118,sand_cast -> transportation_auto,1.0003316201019936,3200.0,200.99875968224475,37.97515080405629,125.3276546538703,276.3204716156179,True
119,sand_cast -> transportation_other,0.9996662761411699,3200.0,42.244115163533806,20.328430326450373,6.666015717081225,84.77509352081346,True
120,sand_cast -> machine_industry,1.0006636216386091,3200.0,11.606880526609345,7.99534687355687,0.6013848924439353,29.610865697289828,True
121,sand_cast -> electrical_equipment,1.0002037877682566,3200.0,12.340369980491811,8.272335848538754,0.516660461841137,30.995255524471805,True
122,sand_cast -> consumer_durables,1.000696688999132,3106.2486092564445,18.115733775660146,10.003953956238393,1.6806500127203705,39.48568763421491,True
123,sand_cast -> other_end_uses,1.0002922645220063,3176.181626125659,17.211558354331377,9.874801682391842,1.3220412862154305,38.125054508218,True
124,permanent_semi_permanent_mold_cast -> transportation_auto,1.000477100575962,3200.0,396.2525888084841,53.8395680969962,292.6243767269556,504.62636779009716,True
125,permanent_semi_permanent_mold_cast -> transportation_other,1.000081373960499,3200.0,71.13288073764033,23.98452752418733,24.099649093654445,118.55775887522601,True
126,permanent_semi_permanent_mold_cast -> machine_industry,0.9999397187922974,3200.0,20.38327342686147,10.927248930044952,1.8489163025972273,43.8154047875338,True
127,permanent_semi_permanent_mold_cast -> electrical_equipment,0.9998724936518321,3118.0071291443696,25.29425642907714,11.426408350347344,3.89683806798643,48.088044072989085,True
128,permanent_semi_permanent_mold_cast -> consumer_durables,1.0006344687986464,2889.3425416478376,47.930218910920814,16.81613818212163,14.610610662665833,81.22431666337528,True
129,permanent_semi_permanent_mold_cast -> other_end_uses,0.9993684338131131,3020.208209719092,35.32731090289692,12.768201806090211,10.424069960319201,60.88645841910016,True
130,other_cast -> other_end_uses,1.0002087397850001,3200.0,24.96096590454111,6.784574821904467,11.78245663028713,38.541137982557885,True
131,import_mill_semifinished_products -> rolling,0.9991196514351209,3092.909023783749,1226.6986245211979,49.66939527688507,1128.7738299490836,1326.916826548415,True
132,import_mill_semifinished_products -> extrusion,0.9998675022156343,3200.0,40.09148212362496,2.108330516081963,36.01540903331909,44.15130687975681,True
133,import_mill_semifinished_products -> drawing,0.9997278428050387,2771.489970051343,288.26011128883874,32.459931165955034,225.03870084254254,350.375823688415,True
134,import_mill_semifinished_products -> other_milling_processes,1.0009027321310597,3200.0,6.454612974252235,4.386178036591772,0.368631195439716,16.258656346282404,True
135,import_mill_semifinished_products -> sheet_plate,0.9998219343439778,3081.1673652976606,6.475499925478585,4.509488662313521,0.3431109411757436,16.847817576176215,True
136,import_mill_semifinished_products -> foil,1.0005932320700592,2505.3694786632036,153.21969932583227,7.365064788049212,138.9789197210256,167.91741530166738,True
137,import_mill_semifinished_products -> extruded_products,0.9997806371621337,2955.5626709589114,6.17217943445442,4.450317260473693,0.31892248432219805,16.56378081976704,True
138,import_mill_semifinished_products -> wire,1.000589931711937,2793.547964413772,7.178405170028604,0.3539507170571054,6.476739081217182,7.8644140942886684,True
139,import_mill_semifinished_products -> forging_impacts,0.999561102997032,3099.2012489035474,6.63611029895284,4.636950154387873,0.3127207120176387,17.379328079184408,True
140,import_mill_semifinished_products -> powerder_paste,1.0003197220718154,3160.548892038222,18.63077215106841,0.9329308672629215,16.814398216454574,20.456212745323423,True
141,rolling -> scrap_rolling,0.9993468659462549,3170.5236405216638,1601.5146112024681,312.6559750107774,980.1827600850147,2211.324102981293,True
142,rolling -> sheet_plate,1.00042692001932,2877.554975337696,4645.6368937716215,488.718585528769,3696.662309747397,5609.8644761229225,True
143,rolling -> foil,0.9991021026184215,2836.9452822321978,463.4331484667093,113.59770533797123,244.1309990891502,689.4096064434204,True
144,rolling -> export_milling_semifinished_products,1.0004684860044049,3200.0,675.1039504212338,40.79673270403853,600.511199189104,757.526209191574,True
145,scrap_rolling -> forming_scrap_generated,0.9993706822510343,3171.953546535782,1601.676416412863,312.93309005652617,981.981194483395,2208.8949904238557,True
146,extrusion -> scrap_extrusion,0.9997393247358314,3126.0284966905497,758.2386830645803,199.26993800475293,375.76963303263045,1155.8858581048664,True
147,extrusion -> extruded_products,0.9998925896724116,2948.2481694835205,2447.1430305923145,360.8647857090732,1757.1036898705015,3140.7066135646915,True
148,extrusion -> export_milling_semifinished_products,1.0000231532775354,3200.0,66.85598710312394,18.272561723111448,23.62492871137836,91.03614056277297,True
149,scrap_extrusion -> forming_scrap_generated,0.9998320116696257,3124.969751653412,758.2199257318089,199.36929962031468,371.7252660782435,1155.0814893851903,True
150,drawing -> scrap_drawing,0.9991958486222341,3200.0,236.71292060428988,38.394154872611985,165.68152400990814,313.20807799292453,True
151,drawing -> wire,0.9997108073287686,3161.5225820116493,290.3938343670985,43.053861354949355,209.83760259955446,377.0518765515421,True
152,drawing -> export_milling_semifinished_products,1.0008946820608002,3200.0,10.572483943135362,3.1556050324307314,3.452586027410727,14.854451446107658,True
153,scrap_drawing -> forming_scrap_generated,0.9991849809580673,3200.0,236.74333955245996,38.47364603383888,165.46322295546395,313.0955158502162,True
154,other_milling_processes -> scrap_other_milling_processes,0.9994651870927306,3200.0,204.12082968396462,57.381751266889005,93.81554849096808,318.26897077497995,True
155,other_milling_processes -> forging_impacts,0.9993591087373559,2686.816039777693,179.68390125090332,40.774065853498286,97.81201867186012,256.46238309901133,True
156,other_milling_processes -> powerder_paste,0.9999925349959521,2721.6058407533465,51.670345982993304,15.761370716663086,21.782869347080506,82.80212479108566,True
157,other_milling_processes -> export_milling_semifinished_products,0.9997790881433667,3065.298707944326,17.339530692223747,3.079088107430965,13.360242847702668,24.765653974934075,True
158,scrap_other_milling_processes -> forming_scrap_generated,0.9994679872261136,3200.0,204.17489007023622,57.42751999993446,93.6193243532934,318.9401989833244,True
159,sheet_plate -> scrap_sheet_plate,1.0005793238309713,2799.753101257549,832.4301765336767,114.61890490546904,607.0397745073365,1055.806688877019,True
160,sheet_plate -> building_construction,1.000604476851134,3200.0,250.658452704079,87.28976699229598,75.87701163894779,423.25691787655506,True
161,sheet_plate -> transportation_auto,0.9993696879101871,3073.6083252879343,812.8834577968616,109.28144328039534,597.7338966997014,1023.9505349080114,True
162,sheet_plate -> transportation_other,1.0009931244614976,2973.4635988256364,563.8898727835698,90.77992041829951,388.67672985627183,744.1395310494962,True
163,sheet_plate -> machine_industry,1.0001397470861533,2973.0312523145294,279.57555086888516,74.3187921379217,134.31975587738822,425.0369555320953,True
164,sheet_plate -> electrical_equipment,1.0018220084624818,3067.600241882177,154.07464924561899,65.53430623020121,32.43024198054707,287.5617355914381,True
165,sheet_plate -> consumer_durables,0.9999982915365448,2779.592066176236,275.53693677548495,74.25904211077409,128.01020920399804,422.95327979951304,True
166,sheet_plate -> container_packages,1.0005436419815605,3091.0981528960965,1431.1630637548815,173.73219535048509,1097.920849142058,1777.5843166228028,True
167,sheet_plate -> other_end_uses,0.9991984389749583,3015.1205973133096,51.89667807646883,34.63486360643475,2.461456311186176,130.2693121950816,True
168,scrap_sheet_plate -> fabrication_scrap_generated,1.000524094551336,2795.0482868569366,832.620887332368,114.9582504398504,605.4035567754424,1056.7218555203565,True
169,foil -> scrap_foil,0.9995861591139461,2987.632558266257,27.717020889370488,12.312760916110758,4.503681929195755,53.15737206898952,True
170,foil -> building_construction,1.0001884496485784,3185.345001522987,16.506886337140415,9.99763462994533,1.3093955959465609,38.641122074901006,True
171,foil -> transportation_auto,1.0001441442459196,3200.0,32.65845397169959,12.954388702759285,7.601144221146857,59.216137982728455,True
172,foil -> transportation_other,0.9992039680677494,2753.7979773648544,12.955790628446145,8.444454915165974,0.7211715350628617,32.45183281705996,True
173,foil -> machine_industry,1.000088471684853,2612.9913008359913,6.110837961317639,4.204973981645681,0.2554840070776173,15.810910408216566,True
174,foil -> electrical_equipment,1.0001554061120015,2751.007012904905,8.207475878938228,5.710943780164154,0.42353440288210736,21.69065641335004,True
175,foil -> consumer_durables,0.9992227498862436,2828.824781203604,127.00838468126786,27.936422991883035,73.1777802109231,182.13375380044542,True
176,foil -> container_packages,0.9990993563084615,2889.6624162033254,383.322967156408,74.24834157856796,239.0439264749736,528.5111365053717,True
177,foil -> other_end_uses,0.9995416032140182,3174.8204538856476,2.1417956332677575,1.526254746774167,0.0948263349361374,5.656930780399832,True
178,scrap_foil -> fabrication_scrap_generated,0.999585574052215,2983.5976302468052,27.71496063216482,12.312297942620567,4.492146820862272,53.244403385349415,True
179,extruded_products -> scrap_extruded_products,0.9992733741739713,2946.8517060024506,110.0168521574647,46.93194531227971,20.718309412344674,204.20646865678924,True
180,extruded_products -> building_construction,0.999643718861028,2927.696724352197,848.3158637266081,138.45305781076414,581.317165490551,1113.5600173809273,True
181,extruded_products -> transportation_auto,1.0008975853494082,2647.4509529084507,280.1310904899424,62.15723883793053,159.0779965880309,401.27682775290543,True
182,extruded_products -> transportation_other,0.9997898329722282,3160.550793011319,441.2277511970145,80.87953953253273,280.9096204795427,596.6673541151655,True
183,extruded_products -> machine_industry,0.9999666342292433,2857.3203512439877,237.18276581501647,58.17908801306499,124.84814842594028,351.23153144741167,True
184,extruded_products -> electrical_equipment,0.9995569410056449,3005.3696929395655,243.34634501033486,59.17815121068413,128.16674981887965,363.73185955367717,True
185,extruded_products -> consumer_durables,0.9991437023225253,3003.3326475280955,244.34126088696368,58.211526266241776,130.26077313007715,359.5728241664373,True
186,extruded_products -> other_end_uses,0.9994413352936545,3098.3332707572645,48.65472476254887,31.342184363860344,3.1505286936458266,119.1270204379943,True
187,scrap_extruded_products -> fabrication_scrap_generated,0.9992773439563711,2947.8386479766687,110.02537894254921,46.951050195477976,21.55019797240618,203.79494186863087,True
188,wire -> building_construction,0.9990944068037724,3108.464576453313,8.66988368310177,5.6060490475504645,0.523813182544838,21.29393752459294,True
189,wire -> transportation_other,0.9995417911222823,3200.0,7.491608815137153,5.056350984894531,0.42719775553880407,18.9498692903592,True
190,wire -> machine_industry,0.9993761083326737,2960.9712958550467,6.63432667857221,4.571809591210254,0.3065741999840207,16.95207019180776,True
191,wire -> electrical_equipment,0.9997844300427939,3120.7484754806615,262.3015036417404,40.271739273261225,186.3198432607545,343.25076915561635,True
192,wire -> consumer_durables,0.9995310437148475,3200.0,6.976318666631179,4.79299854942451,0.31588086025678574,18.044485021531898,True
193,wire -> other_end_uses,1.000580079050941,3156.281184038751,5.619946996405037,4.064347491032688,0.23842180179301253,15.218270376802272,True
194,forging_impacts -> transportation_auto,0.9990244724129871,2696.913551968554,42.24017017441896,9.925493041258466,22.93529673868201,61.04695849894452,True
195,forging_impacts -> transportation_other,0.9994775472633003,2675.3254852896252,117.92007543077509,26.52364367043631,64.91162270690184,168.4182299611313,True
196,forging_impacts -> machine_industry,0.9996354536517805,3200.0,5.749310113140584,2.638206910789592,0.9466539072068979,11.046275106574697,True
197,forging_impacts -> electrical_equipment,0.9999308415351854,3116.736905960824,0.9539447184779573,0.6784161952203456,0.05164911565315354,2.5362230381788655,True
198,forging_impacts -> consumer_durables,1.0000886531536253,2578.0332633714656,12.696821582780409,3.8830319706785628,5.09590775374235,20.183591561155172,True
199,forging_impacts -> container_packages,0.9992967354790789,2879.0620438031706,1.0187628168596836,0.7699195580568156,0.038352620804207774,2.895791614328725,True
200,forging_impacts -> other_end_uses,1.0005963238903863,3200.0,5.719212854491229,2.6588539748099778,0.7870521821043712,10.980918392184437,True
201,powerder_paste -> other_end_uses,1.0000654437689955,2716.9693651351845,70.31139651309212,15.806278760101804,40.43440044730863,101.76001427730975,True
202,import_finished_consumption -> building_construction,1.0003032902387308,3200.0,185.0772791554424,85.56865157738832,32.445418498713195,363.0650858104321,True
203,import_finished_consumption -> transportation_auto,0.9998314670831551,3200.0,590.0539085184784,242.72781280443022,156.4596673517656,1092.6031375134028,True
204,import_finished_consumption -> transportation_other,1.000360543090892,3200.0,199.2897059215255,91.435663882801,33.41831133061657,384.9367102901844,True
205,import_finished_consumption -> machine_industry,1.0004480928724624,3055.4604690722376,218.8574295421271,99.37919019936615,32.63893141598918,423.9828883344571,True
206,import_finished_consumption -> electrical_equipment,1.0004075730104272,3200.0,464.3841069069536,192.58141256145163,116.70285015239428,860.7217020303566,True
207,import_finished_consumption -> consumer_durables,1.00004828940667,3200.0,819.0546357241619,329.2101803323108,235.89437494652853,1497.3968548246041,True
208,import_finished_consumption -> container_packages,0.9996518899211306,3200.0,5.065288885368396,3.810627944722184,0.19156963646037622,14.19808881926371,True
209,import_finished_consumption -> other_end_uses,0.999330514509238,3178.2466411632863,5.255813742283683,3.9799705603333213,0.1858988195803728,14.315560666311587,True
210,building_construction -> export_finished_consumption,1.000080217663233,3200.0,54.665416701321035,20.010133388449685,15.95531802597629,95.42023847719807,True
211,building_construction -> consumption_building_construction,0.99927866493084,2823.683797543629,1282.3682872430584,174.1221620034984,943.7460198874403,1623.7907629575245,True
212,transportation_auto -> export_finished_consumption,0.9990722700141006,3200.0,819.5261994196677,206.7847853111985,414.1932934861901,1221.4976955490201,True
213,transportation_auto -> consumption_transportation_auto,1.0000077967877095,3200.0,2527.2574485791456,284.7443975305344,1961.3557093392967,3035.2805965820125,True
214,transportation_other -> export_finished_consumption,1.0004017813071244,3200.0,233.03837422384754,63.38273728179647,105.46822574262796,355.58825929759854,True
215,transportation_other -> consumption_transportation_other,0.9993423909451087,3200.0,1370.9683331353895,142.1504072867806,1085.5537838347948,1622.8883852385109,True
216,machine_industry -> export_finished_consumption,1.0005161803413556,2304.7589981684846,128.3078540344594,41.673598360184705,48.12848874157895,209.94482803727053,True
217,machine_industry -> consumption_machine_industry,0.9991842664552764,2868.8505042705906,696.1016586212023,117.69607475221704,468.02385436247147,923.886104598846,True
218,electrical_equipment -> export_finished_consumption,1.0019825409050847,3196.4285176254425,227.64610608356145,87.51975360138515,60.429169387743535,406.3107239866565,True
219,electrical_equipment -> consumption_electrical_equipment,1.0000016489963193,3200.0,990.5695346012106,187.3501395556452,637.931336280722,1368.0980294454152,True
220,consumer_durables -> export_finished_consumption,0.9992464115321098,3200.0,216.0274971827983,71.24727778454414,75.47541365345181,357.8562993204897,True
221,consumer_durables -> consumption_consumer_durables,1.000276117527042,3200.0,1427.470104467083,293.8574186752939,906.7523979527215,2036.9465459176993,True
222,container_packages -> export_finished_consumption,0.9995033412858901,3200.0,5.025545455495129,3.8085187774976466,0.20889154115693795,14.09385215960563,True
223,container_packages -> consumption_container_packages,1.0003886572679506,2955.148554186774,1815.8349771645442,202.0381850903887,1429.0933784598956,2216.2569608157028,True
224,other_end_uses -> export_finished_consumption,0.9997083568673015,2938.345602325839,2.8249661896580407,2.086846647605825,0.13229945199329157,7.723412537914007,True
225,other_end_uses -> consumption_other_end_uses,0.9994485598260403,3200.0,336.47526936949475,54.17980888407661,236.37866115975638,444.96564762004334,True
226,eol_scrap_building_construction -> eol_scrap_generated,0.9993223782130722,3200.0,278.8568978975026,122.28390249433026,72.760624746586,507.00115867305846,True
227,eol_scrap_transportation_auto -> eol_scrap_generated,0.9993610780132683,3200.0,985.5964213420928,430.3638276072249,323.4568680520493,1912.9533311237556,True
228,eol_scrap_transportation_other -> eol_scrap_generated,1.0005504813765622,2938.665516788196,508.0358524600238,234.44490740082054,141.37654374523953,965.7315680356593,True
229,eol_scrap_machine_industry -> eol_scrap_generated,0.9997560247718915,3200.0,271.7457499295626,118.48156631154045,68.13695480421235,483.2754116734841,True
230,eol_scrap_electrical_equipment -> eol_scrap_generated,1.0011275752871693,3200.0,348.52144688929417,158.35253212519325,91.27289421645472,651.796275054316,True
231,eol_scrap_consumer_durables -> eol_scrap_generated,0.9990302386622625,3200.0,773.1632235584882,358.74843195092507,220.04465514336314,1533.4838477685976,True
232,eol_scrap_container_packages -> eol_scrap_generated,1.0001670716624373,2911.313439726492,1665.9306752225873,159.95772550028528,1345.7374915116382,1984.130267874444,True
233,eol_scrap_other_end_uses -> eol_scrap_generated,1.000241284127604,3200.0,249.32564717328077,110.18823709488812,64.84784424359569,453.78168023251965,True
