flow_idx,from_node,from_node_name,to_node_name,share_map,share_observed
0,1,bauxite_mining,bauxite,1.0,
1,2,import_of_bauxite,bauxite,1.0,
2,3,bauxite,export_bauxite,0.007080171041683419,0.0071557763041657655
3,3,bauxite,bauxite_non_aluminum_use,0.049447311543935585,0.04997501549836727
4,3,bauxite,bauxite_refining_to_alumina,0.9434725174143811,0.942869208197467
5,4,import_alumina,primary_smelting_hall_hauroult_to_aluminum,1.0,
6,5,bauxite_refining_to_alumina,waste_bauxite,0.5390312679272504,0.5430966540031257
7,5,bauxite_refining_to_alumina,export_alumina,0.10535110134264052,0.10614413572360452
8,5,bauxite_refining_to_alumina,alumina_non_aluminum_use,0.1771409466798602,0.17848033845046546
9,5,bauxite_refining_to_alumina,primary_smelting_hall_hauroult_to_aluminum,0.1784766840502489,0.17227887182280432
10,6,primary_smelting_hall_hauroult_to_aluminum,waste_alumina,0.6138471521754943,0.6418559690671822
11,6,primary_smelting_hall_hauroult_to_aluminum,remelting,0.266343495590512,0.24456259062348962
12,6,primary_smelting_hall_hauroult_to_aluminum,refining,0.11980935223399358,0.11358144030932817
13,7,import_unwrought_aluminum_ingot,remelting,0.6894668873099196,0.6830227743271221
14,7,import_unwrought_aluminum_ingot,refining,0.31053311269008044,0.31697722567287784
15,8,remelting,loss_remelting,0.02091193141765449,0.029335949639074113
16,8,remelting,wrought_aluminum_ingot,0.9790880685823455,0.970664050360926
17,9,refining,loss_refining,0.03873852033139491,0.04311661414401388
18,9,refining,cast_aluminum_ingot,0.9612614796686051,0.9568833858559862
19,10,alloying_element_si,remelting,0.6795943405352071,0.6774193548387096
20,10,alloying_element_si,refining,0.32040565946479294,0.3225806451612903
21,12,alloying_element_mg,remelting,0.9999827670927912,1.0
22,12,alloying_element_mg,refining,1.7232907208842304e-05,0.0
23,16,alloying_element_other,remelting,0.5002141668930338,0.5
24,16,alloying_element_other,refining,0.4997858331069662,0.5
25,17,import_scrap,eol_scrap_generated,1.0,
26,18,eol_scrap_generated,export_eol_scrap,0.30759689790894845,0.3235779060181369
27,18,eol_scrap_generated,loss_eol_scrap,0.30469328481820335,0.3204863973619126
28,18,eol_scrap_generated,eol_scrap_recycled,0.3877098172728482,0.35593569661995056
29,19,eol_scrap_recycled,remelting,0.6292248517447928,0.6192129629629629
30,19,eol_scrap_recycled,refining,0.37077514825520724,0.38078703703703703
31,20,forming_scrap_generated,loss_forming_scrap,0.026574933566373273,0.031613372093023256
32,20,forming_scrap_generated,forming_scrap_recycled,0.9734250664336267,0.9683866279069767
33,21,forming_scrap_recycled,remelting,0.9999250619075007,1.0
34,21,forming_scrap_recycled,refining,7.493809249924801e-05,0.0
35,22,fabrication_scrap_generated,loss_fabrication_scrap,0.04633262736130966,0.04803921568627451
36,22,fabrication_scrap_generated,fabrication_scrap_recycled,0.9536673726386903,0.9519607843137254
37,23,fabrication_scrap_recycled,remelting,0.9998571911796743,1.0
38,23,fabrication_scrap_recycled,refining,0.00014280882032564811,0.0
39,24,wrought_aluminum_ingot,1xxx,0.0609322530357978,
40,24,wrought_aluminum_ingot,2xxx,0.017367272912042243,
41,24,wrought_aluminum_ingot,3xxx,0.19607273633722697,
42,24,wrought_aluminum_ingot,4xxx,0.009928343350201953,
43,24,wrought_aluminum_ingot,5xxx,0.22050092226325507,
44,24,wrought_aluminum_ingot,6xxx,0.4194440604781511,
45,24,wrought_aluminum_ingot,7xxx,0.0661261708422971,
46,24,wrought_aluminum_ingot,8xxx,0.009534905718712492,
47,25,cast_aluminum_ingot,36x,0.0545154856784563,0.051687048947747234
48,25,cast_aluminum_ingot,38x,0.5090295151364477,0.5055727738604784
49,25,cast_aluminum_ingot,2xx,0.002155132761772095,0.002142465778315717
50,25,cast_aluminum_ingot,3xx,0.20976900352163408,0.20961207213064154
51,25,cast_aluminum_ingot,4xx,0.002930306472066918,0.0029131178691561045
52,25,cast_aluminum_ingot,5xx,0.016669125674202926,0.01657828896447019
53,25,cast_aluminum_ingot,7xx,0.0029835924466991236,0.002966083648595307
54,25,cast_aluminum_ingot,other,0.10482144339593291,0.10699087446718784
55,26,36x,die_cast,1.0,
56,27,38x,die_cast,1.0,
57,28,2xx,sand_cast,0.333338966652815,0.33333333333333337
58,29,3xx,sand_cast,0.3338760395413313,0.33333333333333337
59,30,4xx,sand_cast,0.3333423794327128,0.3333333333333333
60,31,5xx,sand_cast,0.33337697379119424,0.3333333333333333
61,32,7xx,sand_cast,0.3333426550408652,0.3333333333333334
62,33,other,sand_cast,0.3021099126467103,0.3034990355743344
63,28,2xx,permanent_semi_permanent_mold_cast,0.6666610333471851,0.6666666666666667
64,29,3xx,permanent_semi_permanent_mold_cast,0.6661239604586686,0.6666666666666667
65,30,4xx,permanent_semi_permanent_mold_cast,0.6666576205672873,0.6666666666666666
66,31,5xx,permanent_semi_permanent_mold_cast,0.6666230262088058,0.6666666666666666
67,32,7xx,permanent_semi_permanent_mold_cast,0.6666573449591348,0.6666666666666665
68,33,other,permanent_semi_permanent_mold_cast,0.6035574823308726,0.6069980711486687
69,33,other,other_cast,0.09433260502241715,0.08950289327699695
70,25,cast_aluminum_ingot,export_cast_aluminum_ingot,0.09712639491278803,0.10153727433340783
71,24,wrought_aluminum_ingot,export_wrought_aluminum_ingot,9.333506231521787e-05,
72,34,die_cast,scrap_cast,0.2666334893855443,0.2684903748733536
73,35,scrap_cast,die_cast,1.0,
74,36,sand_cast,scrap_sand_cast,0.37994804231179174,0.3745247148288973
75,37,scrap_sand_cast,sand_cast,1.0,
76,38,permanent_semi_permanent_mold_cast,scrap_semi_permanent_mold_cast,0.2305618845559988,0.22540045766590389
77,39,scrap_semi_permanent_mold_cast,permanent_semi_permanent_mold_cast,1.0,
78,40,other_cast,scrap_other_cast,0.17714691932226567,0.16831683168316833
79,41,scrap_other_cast,other_cast,1.0,
80,34,die_cast,export_cast_semifinished_products,0.009116565729217102,0.00911854103343465
81,42,1xxx,rolling,0.6600895753408313,0.6458333333333334
82,42,1xxx,extrusion,0.16396143541164046,0.15856481481481483
83,42,1xxx,drawing,0.1420921829578958,0.16435185185185186
84,42,1xxx,other_milling_processes,0.03385680628963244,0.03125
85,43,2xxx,rolling,0.5098190134530706,0.510460251046025
86,43,2xxx,extrusion,0.45274140611210884,0.45188284518828453
87,43,2xxx,drawing,0.0119364543587597,0.012552301255230125
88,43,2xxx,other_milling_processes,0.025503126076060947,0.02510460251046025
89,44,3xxx,rolling,0.8493285600503849,0.8483678483678484
90,44,3xxx,extrusion,0.1305331399546827,0.12565812565812565
91,44,3xxx,drawing,0.012505951050380142,0.019656019656019656
92,44,3xxx,other_milling_processes,0.0076323489445523154,0.006318006318006318
93,45,4xxx,rolling,0.2037090332303402,0.20512820512820512
94,45,4xxx,other_milling_processes,0.7962909667696597,0.7948717948717948
95,46,5xxx,rolling,0.9036486437959025,0.8953277797899312
96,46,5xxx,extrusion,0.0644337582602676,0.06120970662803332
97,46,5xxx,drawing,0.021500181166045584,0.03513219847881202
98,46,5xxx,other_milling_processes,0.010417416777784383,0.00833031510322347
99,47,6xxx,rolling,0.30257637302784535,0.3128300714507611
100,47,6xxx,extrusion,0.6781434606752279,0.6483379931655794
101,47,6xxx,drawing,0.016344474056437124,0.036968002485243866
102,47,6xxx,other_milling_processes,0.0029356922404895763,0.001863932898415657
103,48,7xxx,rolling,0.355017303815831,0.36302142051860203
104,48,7xxx,extrusion,0.3101195583732715,0.3134160090191657
105,48,7xxx,drawing,0.0027829866982196595,0.0033821871476888386
106,48,7xxx,other_milling_processes,0.3320801511126779,0.3201803833145434
107,49,8xxx,rolling,0.07546486302611986,0.07446808510638298
108,49,8xxx,extrusion,0.37805980466728334,0.3723404255319149
109,49,8xxx,drawing,0.5138480006418923,0.5212765957446809
110,49,8xxx,other_milling_processes,0.03262733166470467,0.031914893617021274
111,34,die_cast,building_construction,0.009674373423791086,0.009625126646403243
112,34,die_cast,transportation_auto,0.5079821295833831,0.5070921985815603
113,34,die_cast,transportation_other,0.07802881049245138,0.07750759878419453
114,34,die_cast,machine_industry,0.018717903618879993,0.0182370820668693
115,34,die_cast,electrical_equipment,0.023844837869021526,0.023809523809523808
116,34,die_cast,consumer_durables,0.047042779205995665,0.0486322188449848
117,34,die_cast,other_end_uses,0.038959110691715836,0.037487335359675786
118,36,sand_cast,transportation_auto,0.45594251541684466,0.4600760456273765
119,36,sand_cast,transportation_other,0.07925093430295597,0.07984790874524715
120,36,sand_cast,machine_industry,0.011381509906082853,0.011406844106463879
121,36,sand_cast,electrical_equipment,0.01507467716829863,0.015209125475285171
122,36,sand_cast,consumer_durables,0.029849545854103262,0.030418250950570342
123,36,sand_cast,other_end_uses,0.02855277503992298,0.028517110266159693
124,38,permanent_semi_permanent_mold_cast,transportation_auto,0.5488764163837649,0.5526315789473685
125,38,permanent_semi_permanent_mold_cast,transportation_other,0.07967949697939272,0.08009153318077804
126,38,permanent_semi_permanent_mold_cast,machine_industry,0.020679987694479138,0.020594965675057208
127,38,permanent_semi_permanent_mold_cast,electrical_equipment,0.02727885592105241,0.02745995423340961
128,38,permanent_semi_permanent_mold_cast,consumer_durables,0.053650575700422774,0.05491990846681922
129,38,permanent_semi_permanent_mold_cast,other_end_uses,0.03927278276488936,0.038901601830663615
130,40,other_cast,other_end_uses,0.8228530806777342,0.8316831683168316
131,50,import_mill_semifinished_products,rolling,0.6615990164210532,0.5909127423542424
132,50,import_mill_semifinished_products,extrusion,6.283169848368364e-06,0.0
133,50,import_mill_semifinished_products,drawing,0.09736464095261141,0.12330036770716042
134,50,import_mill_semifinished_products,other_milling_processes,7.002477297992823e-06,0.0
135,50,import_mill_semifinished_products,sheet_plate,6.195215565204214e-06,0.0
136,50,import_mill_semifinished_products,foil,0.11918288673616118,0.11012464743874517
137,50,import_mill_semifinished_products,extruded_products,6.3634352634308e-06,0.0
138,50,import_mill_semifinished_products,wire,0.11297445153960911,0.16760434146774875
139,50,import_mill_semifinished_products,forging_impacts,6.736133468664154e-06,0.0
140,50,import_mill_semifinished_products,powerder_paste,0.008846423919121426,0.008057901032103305
141,51,rolling,scrap_rolling,0.21529624368018024,0.20371785077667431
142,51,rolling,sheet_plate,0.6212814553540745,0.5744843391902216
143,51,rolling,foil,0.06926714820175205,0.08034122740005092
144,51,rolling,export_milling_semifinished_products,0.09415515276399311,0.14145658263305322
145,52,scrap_rolling,forming_scrap_generated,1.0,
146,53,extrusion,scrap_extrusion,0.20763793489450394,0.21635883905013192
147,53,extrusion,extruded_products,0.7419450492202979,0.7165054236294341
148,53,extrusion,export_milling_semifinished_products,0.050417015885198264,0.06713573732043389
149,54,scrap_extrusion,forming_scrap_generated,1.0,
150,55,drawing,scrap_drawing,0.2337157554979141,0.19344262295081968
151,55,drawing,wire,0.6901408181130452,0.7393442622950821
152,55,drawing,export_milling_semifinished_products,0.07614342638904072,0.06721311475409836
153,56,scrap_drawing,forming_scrap_generated,1.0,
154,57,other_milling_processes,scrap_other_milling_processes,0.44953262876453515,0.4504310344827586
155,57,other_milling_processes,forging_impacts,0.43485032763877784,0.43103448275862066
156,57,other_milling_processes,powerder_paste,0.11558340011690432,0.11853448275862069
157,57,other_milling_processes,export_milling_semifinished_products,3.364347978274577e-05,0.0
158,58,scrap_other_milling_processes,forming_scrap_generated,1.0,
159,59,sheet_plate,scrap_sheet_plate,0.2019723593448344,0.14862663896981915
160,59,sheet_plate,building_construction,0.09848453380894666,0.10505715470328587
161,59,sheet_plate,transportation_auto,0.15660047242799396,0.16748788757005
162,59,sheet_plate,transportation_other,0.10716586636491673,0.1140871532471567
163,59,sheet_plate,machine_industry,0.05165113074085313,0.05413178348266256
164,59,sheet_plate,electrical_equipment,0.026991461521142943,0.02885771035835321
165,59,sheet_plate,consumer_durables,0.04882860889220246,0.05375455851065794
166,59,sheet_plate,container_packages,0.30230511203223215,0.3217729011199384
167,59,sheet_plate,other_end_uses,0.006000454866877481,0.006224212038076183
168,60,scrap_sheet_plate,fabrication_scrap_generated,1.0,
169,61,foil,scrap_foil,0.04740283396269638,0.04668331821269878
170,61,foil,building_construction,0.025605822757122233,0.02560052934244772
171,61,foil,transportation_auto,0.054198130788411375,0.05421288566635987
172,61,foil,transportation_other,0.01664673570850649,0.01663849055186117
173,61,foil,machine_industry,0.0045339608171037155,0.004517740472196656
174,61,foil,electrical_equipment,0.007527432425868545,0.007529567453661094
175,61,foil,consumer_durables,0.20518345229237248,0.20631014823031396
176,61,foil,container_packages,0.6373878034388035,0.6370014065797285
177,61,foil,other_end_uses,0.0015138278091150978,0.0015059134907322187
178,62,scrap_foil,fabrication_scrap_generated,1.0,
179,63,extruded_products,scrap_extruded_products,0.04319010937553015,0.04079407262056231
180,63,extruded_products,building_construction,0.3617625961327169,0.3623939460952866
181,63,extruded_products,transportation_auto,0.11209941372627369,0.11248074392465725
182,63,extruded_products,transportation_other,0.18085024239591357,0.18095007592890427
183,63,extruded_products,machine_industry,0.09470254689231959,0.09386597292304144
184,63,extruded_products,electrical_equipment,0.09592613644201164,0.09624232666792858
185,63,extruded_products,consumer_durables,0.09578338194269162,0.0978265624978533
186,63,extruded_products,other_end_uses,0.01568557309254284,0.015446299341766313
187,64,scrap_extruded_products,fabrication_scrap_generated,1.0,
188,65,wire,building_construction,0.0336377599959183,0.03362776198465
189,65,wire,transportation_other,0.02671847442932889,0.026704399223104407
190,65,wire,machine_industry,0.018840939505358433,0.018791984638480877
191,65,wire,electrical_equipment,0.8881383627080804,0.888168537123991
192,65,wire,consumer_durables,0.02171931227715818,0.021804878019849136
193,65,wire,other_end_uses,0.010945151084155835,0.010902439009924568
194,66,forging_impacts,transportation_auto,0.22689466176158313,0.22688030811852192
195,66,forging_impacts,transportation_other,0.6391720705570322,0.6391633055886431
196,66,forging_impacts,machine_industry,0.0311771948377735,0.031152647975077878
197,66,forging_impacts,electrical_equipment,0.003115778300705727,0.0031152647975077876
198,66,forging_impacts,consumer_durables,0.06845704693838697,0.06853582554517133
199,66,forging_impacts,container_packages,3.36943777516395e-06,0.0
200,66,forging_impacts,other_end_uses,0.03117987816674334,0.031152647975077878
201,67,powerder_paste,other_end_uses,1.0,
202,68,import_finished_consumption,building_construction,0.07468167587085317,0.0741009807482746
203,68,import_finished_consumption,transportation_auto,0.23967627179682832,0.2382855067199419
204,68,import_finished_consumption,transportation_other,0.08248138470790087,0.08172902288412641
205,68,import_finished_consumption,machine_industry,0.0895046111858919,0.08754086451144208
206,68,import_finished_consumption,electrical_equipment,0.1885461970777947,0.1874318924809299
207,68,import_finished_consumption,consumer_durables,0.3250899896694824,0.3309117326552851
208,68,import_finished_consumption,container_packages,1.4571245570026061e-06,0.0
209,68,import_finished_consumption,other_end_uses,1.8412566691698635e-05,0.0
210,69,building_construction,export_finished_consumption,0.0317998820605491,0.03180076282711131
211,69,building_construction,consumption_building_construction,0.9682001179394509,0.9681992371728887
212,70,transportation_auto,export_finished_consumption,0.22661814066863062,0.22662001052604083
213,70,transportation_auto,consumption_transportation_auto,0.7733818593313694,0.7733799894739591
214,71,transportation_other,export_finished_consumption,0.13366612334441993,0.13366612688628776
215,71,transportation_other,consumption_transportation_other,0.8663338766555801,0.8663338731137122
216,72,machine_industry,export_finished_consumption,0.07847285793057794,0.07840457074198742
217,72,machine_industry,consumption_machine_industry,0.9215271420694221,0.9215954292580125
218,73,electrical_equipment,export_finished_consumption,0.1887097756134902,0.1887090429174944
219,73,electrical_equipment,consumption_electrical_equipment,0.8112902243865098,0.8112909570825056
220,74,consumer_durables,export_finished_consumption,0.18046120415158415,0.18045552360275055
221,74,consumer_durables,consumption_consumer_durables,0.8195387958484158,0.8195444763972495
222,75,container_packages,export_finished_consumption,1.3435090853981772e-05,0.0
223,75,container_packages,consumption_container_packages,0.999986564909146,1.0
224,76,other_end_uses,export_finished_consumption,1.361455774585633e-05,0.0
225,76,other_end_uses,consumption_other_end_uses,0.9999863854422543,1.0
226,77,eol_scrap_building_construction,eol_scrap_generated,1.0,
227,78,eol_scrap_transportation_auto,eol_scrap_generated,1.0,
228,79,eol_scrap_transportation_other,eol_scrap_generated,1.0,
229,80,eol_scrap_machine_industry,eol_scrap_generated,1.0,
230,81,eol_scrap_electrical_equipment,eol_scrap_generated,1.0,
231,82,eol_scrap_consumer_durables,eol_scrap_generated,1.0,
232,83,eol_scrap_container_packages,eol_scrap_generated,1.0,
233,84,eol_scrap_other_end_uses,eol_scrap_generated,1.0,
