flow_idx,flow_label,total_precision,share_observations,share_mass_balance,n_observations,sources,obs_min,obs_max,obs_spread_pct,determined_by,posterior_mean,posterior_sd,prior_mean,prior_sd,contraction,shift_in_prior_sd
0,bauxite_mining -> bauxite,0.00216016036895127,0.7808250880785661,0.21917491192143396,2,USGS value 1; USGS value 2,229.0,229.0,0.0,multi-source,229.1253602055176,24.43014571634676,,,,
1,import_of_bauxite -> bauxite,0.0005156338142921575,0.0818038974984503,0.9181961025015497,2,USGS value 1; USGS value 2,4350.0,4360.0,0.2296211251435132,structure-determined,4368.090644736713,132.15437357704036,,,,
2,bauxite -> export_bauxite,1.048639618417566,0.9995485074659725,0.00045149253402758523,2,USGS value 1; USGS value 2,29.0,40.0,31.884057971014492,multi-source,32.79838460571934,0.9718596250476349,,,,
3,bauxite -> bauxite_non_aluminum_use,0.00216016036895127,0.7808250880785661,0.21917491192143396,2,USGS value 1; USGS value 2,229.0,229.0,0.0,multi-source,228.41823979608304,24.807728988286737,,,,
4,bauxite -> bauxite_refining_to_alumina,0.0010094230983329305,0.0036300177858417807,0.9963699822141583,2,USGS value 1; USGS value 2,4320.0,4321.0,0.023145469274389537,structure-determined,4337.561913826348,139.31809376287694,,,,
5,import_alumina -> primary_smelting_hall_hauroult_to_aluminum,0.0027557178131138275,0.16794739330227818,0.8320526066977219,2,USGS value 1; USGS value 2,1300.0,1330.0,2.2813688212927756,structure-determined,1327.9961176118782,46.18000101875675,,,,
6,bauxite_refining_to_alumina -> waste_bauxite,0.0005444167600199714,0.022245538671607678,0.9777544613283923,2,USGS value 1; USGS value 2,2376.0,2377.0,0.042078687144961074,structure-determined,2337.796209884581,145.31811462356436,,,,
7,bauxite_refining_to_alumina -> export_alumina,0.005883044928146611,0.9095186383186142,0.09048136168138576,2,USGS value 1; USGS value 2,450.0,481.0,6.659505907626208,multi-source,464.2157860131128,13.446561856982585,,,,
8,bauxite_refining_to_alumina -> alumina_non_aluminum_use,0.0014795813351121483,0.6402320688297083,0.3597679311702917,1,USGS value 1,781.0,781.0,0.0,observation-driven,780.3898064933948,32.26416311314509,,,,
9,bauxite_refining_to_alumina -> primary_smelting_hall_hauroult_to_aluminum,0.004857751094300658,0.4184123371469467,0.5815876628530533,2,USGS value 1; USGS value 2,739.0,770.0,4.108681245858184,structure-determined,756.0674799790391,22.164544448577466,,,,
10,primary_smelting_hall_hauroult_to_aluminum -> waste_alumina,0.002312294245296504,0.008386499949668579,0.9916135000503314,1,USGS value 1,1328.0,1328.0,0.0,structure-determined,1025.6797827805267,116.01924019918197,,,,
11,primary_smelting_hall_hauroult_to_aluminum -> remelting,0.0024246734237178976,0.012732217185436774,0.9872677828145633,1,USGS value 1,506.0,506.0,0.0,structure-determined,773.6108427252751,96.50381518612869,,,,
12,primary_smelting_hall_hauroult_to_aluminum -> refining,0.003865402039032953,0.03702780161194509,0.9629721983880548,1,USGS value 1,235.0,235.0,0.0,structure-determined,287.69375671660634,69.13573612124503,,,,
13,import_unwrought_aluminum_ingot -> remelting,0.00013765298248260785,0.2669990614158494,0.7330009385841507,1,USGS value 1,3299.0,3299.0,0.0,structure-determined,3800.050184760083,150.8825552084759,,,,
14,import_unwrought_aluminum_ingot -> refining,0.0016000238129551772,0.10665547732284343,0.8933445226771566,1,USGS value 1,1531.0,1531.0,0.0,structure-determined,1621.1318243421838,73.2503914612283,,,,
15,remelting -> loss_remelting,0.00031682487933298474,0.6815282765321816,0.31847172346781827,2,USGS value 1; USGS value 2,212.0,444.2105263157895,70.77317933910811,multi-source,176.39774159731505,61.76521591914392,,,,
16,remelting -> wrought_aluminum_ingot,0.0002058038388020998,0.002332822162487892,0.9976671778375121,1,USGS value 1,8440.0,8440.0,0.0,structure-determined,9876.64808148235,387.4711651254582,,,,
17,refining -> loss_refining,0.0022649856049575512,0.36892644865912283,0.6310735513408771,2,USGS value 1; USGS value 2,98.0,792.0,155.95505617977528,structure-determined,91.79036613735299,31.72552970398646,,,,
18,refining -> cast_aluminum_ingot,0.0029673827874554894,0.0022204960273115994,0.9977795039726884,2,Other literature; USGS value 1,2350.0,3177.0,29.92581870815994,structure-determined,2547.8017874281873,94.3000379601745,,,,
19,alloying_element_si -> remelting,0.0002490268121402272,0.5948236878933243,0.40517631210667576,1,USGS value 1,231.0,231.0,0.0,observation-driven,322.3774194062341,60.44249037849573,,,,
20,alloying_element_si -> refining,0.0020826127857632415,0.31366381728388054,0.6863361827161195,1,USGS value 1,110.0,110.0,0.0,structure-determined,129.28625917585958,34.28785893011319,,,,
21,alloying_element_mg -> remelting,0.0016898509548810168,0.9402907309267617,0.05970926907323824,1,USGS value 1,70.53,70.53,0.0,observation-driven,79.26253901998838,22.994569233660354,,,,
22,alloying_element_mg -> refining,7.905636715820707,0.9998191957762749,0.00018080422372508922,1,USGS value 1,0.0,0.0,0.0,observation-driven,0.2790421306879726,0.2095840873805021,,,,
23,alloying_element_other -> remelting,0.019861418123636787,0.9949198106232615,0.005080189376738404,1,USGS value 1,20.0,20.0,0.0,observation-driven,21.015311256487607,6.5611364716576075,,,,
24,alloying_element_other -> refining,0.021189890867734654,0.9325446025947685,0.0674553974052315,1,USGS value 1,20.0,20.0,0.0,observation-driven,20.82489218429821,6.50217767021117,,,,
25,import_scrap -> eol_scrap_generated,0.001154169267095919,0.6685370684085972,0.3314629315914027,1,USGS value 1,720.0,720.0,0.0,observation-driven,717.3798926407044,35.752173965266834,,,,
26,eol_scrap_generated -> export_eol_scrap,0.0005448427173999154,0.2978444666563999,0.7021555333436001,1,USGS value 1,1570.0,1570.0,0.0,structure-determined,1583.2402017037818,78.61617570559343,,,,
27,eol_scrap_generated -> loss_eol_scrap,0.000396707904235459,0.035652366035919335,0.9643476339640807,1,USGS value 1,1555.0,1555.0,0.0,structure-determined,1723.5241676811204,244.00295858300973,,,,
28,eol_scrap_generated -> eol_scrap_recycled,0.0035728577223371164,0.05422230036169255,0.9457776996383074,1,USGS value 1,1727.0,1727.0,0.0,structure-determined,1827.3994924567348,67.81204608899682,,,,
29,eol_scrap_recycled -> remelting,0.003104368435111255,0.0022239115473103106,0.9977760884526897,1,USGS value 1,1070.0,1070.0,0.0,structure-determined,1263.2322922078479,130.42750344535202,,,,
30,eol_scrap_recycled -> refining,0.004444193376645565,0.004107840658403657,0.9958921593415965,1,USGS value 1,658.0,658.0,0.0,structure-determined,569.7472428857614,119.15079141691812,,,,
31,forming_scrap_generated -> loss_forming_scrap,0.002384867712788245,0.43788041894662105,0.562119581053379,1,USGS value 1,87.0,87.0,0.0,structure-determined,72.4979193052194,27.08313876336798,,,,
32,forming_scrap_generated -> forming_scrap_recycled,0.0027529651722085907,0.00040426224203443846,0.9995957377579656,1,USGS value 1,2665.0,2665.0,0.0,structure-determined,2676.728421595184,348.99652368798456,,,,
33,forming_scrap_recycled -> remelting,0.001512729343947813,0.00036897931266689245,0.9996310206873331,1,USGS value 1,2677.0,2677.0,0.0,structure-determined,2689.2839730588416,350.1570785394969,,,,
34,forming_scrap_recycled -> refining,4.002840643922212,0.9992903429901648,0.000709657009835064,1,USGS value 1,0.0,0.0,0.0,observation-driven,0.36233507783958496,0.2457440218633634,,,,
35,fabrication_scrap_generated -> loss_fabrication_scrap,0.014251565842273824,0.23099553242994647,0.7690044675700535,1,USGS value 1,49.0,49.0,0.0,structure-determined,36.93948439975873,14.487426297946103,,,,
36,fabrication_scrap_generated -> fabrication_scrap_recycled,0.023358236780610313,0.026236132730528133,0.973763867269472,1,USGS value 1,971.0,971.0,0.0,structure-determined,921.6147267606319,27.158882639353816,,,,
37,fabrication_scrap_recycled -> remelting,0.011891494360211426,0.0003956960500049324,0.9996043039499951,1,USGS value 1,922.0,922.0,0.0,structure-determined,922.524649388173,28.41690860365128,,,,
38,fabrication_scrap_recycled -> refining,4.0132152616869625,0.9967070638315555,0.0032929361684444613,1,USGS value 1,0.0,0.0,0.0,observation-driven,0.3583456940095568,0.24486874902039668,,,,
39,wrought_aluminum_ingot -> 1xxx,0.00434220798949393,0.0007784335772019533,0.9992215664227981,2,Other literature; USGS value 1,1728.0,2336.0,29.921259842519685,structure-determined,1558.4993214587435,304.6084653831643,,,,
40,wrought_aluminum_ingot -> 2xxx,0.4322110927996577,0.0016037881910324822,0.9983962118089675,2,Other literature; USGS value 1,85.0,238.0,94.73684210526316,structure-determined,153.63932504033178,27.043718469078318,,,,
41,wrought_aluminum_ingot -> 3xxx,0.003143437484627432,0.0011166412595470289,0.998883358740453,2,Other literature; USGS value 1,1256.0,2848.0,77.58284600389864,structure-determined,1846.6548926289374,384.5036865589378,,,,
42,wrought_aluminum_ingot -> 4xxx,1.4505640097273973,0.0015010802990005944,0.9984989197009995,2,Other literature; USGS value 1,50.0,117.0,80.23952095808383,structure-determined,83.66452183686546,16.369636891500704,,,,
43,wrought_aluminum_ingot -> 5xxx,0.0018004113680473552,0.000814792269776569,0.9991852077302235,2,Other literature; USGS value 1,2762.0,3047.0,9.812360130831468,structure-determined,2445.4568795365,464.84116424639586,,,,
44,wrought_aluminum_ingot -> 6xxx,0.0010994928287906566,0.0009500465599320828,0.999049953440068,2,Other literature; USGS value 1,3218.0,3771.0,15.82486764916297,structure-determined,3200.3577636069194,378.29842598357516,,,,
45,wrought_aluminum_ingot -> 7xxx,0.03806158531406802,0.0018928937856797935,0.9981071062143202,2,Other literature; USGS value 1,254.0,887.0,110.95530236634531,structure-determined,515.1126125384169,62.06687571181493,,,,
46,wrought_aluminum_ingot -> 8xxx,1.4202585577261733,0.0006693538350005464,0.9993306461649994,2,Other literature; USGS value 1,94.0,267.0,95.8448753462604,structure-determined,79.71101052874215,15.562861910998517,,,,
47,cast_aluminum_ingot -> 36x,0.5034895474979396,0.01013518502397402,0.9898648149760261,1,USGS value 1,139.9873943233654,139.9873943233654,0.0,structure-determined,142.11530466412285,9.987307403951458,,,,
48,cast_aluminum_ingot -> 38x,0.008043019301862457,0.006631307193562084,0.9933686928064378,1,USGS value 1,1369.275605676634,1369.275605676634,0.0,structure-determined,1245.8973321351973,85.81623444744204,,,,
49,cast_aluminum_ingot -> 2xx,302.35451893910715,0.009822937102367616,0.9901770628976325,1,USGS value 1,5.802579327688045,5.802579327688045,0.0,structure-determined,5.779809362134431,0.347810048746993,,,,
50,cast_aluminum_ingot -> 3xx,0.034825271245242255,0.008909606514479525,0.9910903934855204,1,USGS value 1,567.7059997361048,567.7059997361048,0.0,structure-determined,550.5513864759556,33.07383753740453,,,,
51,cast_aluminum_ingot -> 4xx,163.57380366966254,0.009821000820291529,0.9901789991797084,1,USGS value 1,7.889786477696971,7.889786477696971,0.0,structure-determined,7.858555532699772,0.4771823876738018,,,,
52,cast_aluminum_ingot -> 5xx,5.069486364702233,0.009784581265574833,0.9902154187344252,1,USGS value 1,44.9000575912573,44.9000575912573,0.0,structure-determined,44.68296401487698,2.728892933272765,,,,
53,cast_aluminum_ingot -> 7xx,157.7861878783026,0.009820867263257978,0.990179132736742,1,USGS value 1,8.033237140927826,8.033237140927826,0.0,structure-determined,7.990476934688255,0.48208915498835514,,,,
54,cast_aluminum_ingot -> other,0.13078263184132255,0.009106302382534551,0.9908936976174655,1,USGS value 1,289.7703397263251,289.7703397263251,0.0,structure-determined,279.70473621417375,16.08254585330782,,,,
55,36x -> die_cast,0.5041764424035613,0.00911958746485101,0.9908804125351489,1,USGS value 1,147.475924987329,147.475924987329,0.0,structure-determined,142.1824395137779,10.001970523549495,,,,
56,38x -> die_cast,0.009229713723628087,0.005206736852905012,0.994793263147095,1,USGS value 1,1442.524075012671,1442.524075012671,0.0,structure-determined,1247.6613084990333,86.19530152855401,,,,
57,2xx -> sand_cast,326.4652446252193,0.08282831747587006,0.91717168252413,1,USGS value 1,1.923056763564638,1.923056763564638,0.0,structure-determined,1.9209664254658652,0.1865292787368053,,,,
58,3xx -> sand_cast,0.07750812490354551,0.03644716619032766,0.9635528338096723,1,USGS value 1,188.1457884253907,188.1457884253907,0.0,structure-determined,186.03965680260742,17.48875063694012,,,,
59,4xx -> sand_cast,176.63357726127705,0.08280454994344094,0.917195450056559,1,USGS value 1,2.614786699531646,2.614786699531646,0.0,structure-determined,2.6158225255713683,0.2538340261303017,,,,
60,5xx -> sand_cast,5.511662389257362,0.08193728359217088,0.9180627164078291,1,USGS value 1,14.88051339915282,14.88051339915282,0.0,structure-determined,14.848208322071521,1.4361575823749875,,,,
61,7xx -> sand_cast,170.38512722230539,0.08280281618190286,0.9171971838180972,1,USGS value 1,2.662328275886768,2.662328275886768,0.0,structure-determined,2.660690565704485,0.25476464503570895,,,,
62,other -> sand_cast,0.18367474840560966,0.07575826979270653,0.9242417302072935,1,USGS value 1,84.77352643647342,84.77352643647342,0.0,structure-determined,84.97448560149977,8.157935972696219,,,,
63,2xx -> permanent_semi_permanent_mold_cast,306.1597595943902,0.02208043846330378,0.9779195615366962,1,USGS value 1,3.846113527129276,3.846113527129276,0.0,structure-determined,3.8577626814067987,0.32573586670484883,,,,
64,3xx -> permanent_semi_permanent_mold_cast,0.050329575433783365,0.014032263758994325,0.9859677362410058,1,USGS value 1,376.2915768507814,376.2915768507814,0.0,structure-determined,364.71891238178114,31.163867912197926,,,,
65,4xx -> permanent_semi_permanent_mold_cast,165.63896952292433,0.022075215621278982,0.977924784378721,1,USGS value 1,5.229573399063292,5.229573399063292,0.0,structure-determined,5.243742882109325,0.4430158690875927,,,,
66,5xx -> permanent_semi_permanent_mold_cast,5.147894570230032,0.021931813001014048,0.978068186998986,1,USGS value 1,29.76102679830564,29.76102679830564,0.0,structure-determined,29.815936245862545,2.54316514873818,,,,
67,7xx -> permanent_semi_permanent_mold_cast,159.77879110932872,0.022074845277595456,0.9779251547224045,1,USGS value 1,5.324656551773534,5.324656551773534,0.0,structure-determined,5.3277799569657285,0.45449059118002105,,,,
68,other -> permanent_semi_permanent_mold_cast,0.14817875171007788,0.023476512292135366,0.9765234877078647,1,USGS value 1,169.5470528729468,169.5470528729468,0.0,structure-determined,169.40966306590795,14.807407801951507,,,,
69,other -> other_cast,5.847489947793933,0.02736216760156429,0.9726378323984357,1,USGS value 1,25.0,25.0,0.0,structure-determined,25.33317492067117,2.4496650631483146,,,,
70,cast_aluminum_ingot -> export_cast_aluminum_ingot,0.009171765837251537,0.8330287489364405,0.16697125106355953,1,USGS value 1,275.0,275.0,0.0,observation-driven,272.9243820460065,11.54594514324195,,,,
71,wrought_aluminum_ingot -> export_wrought_aluminum_ingot,0.00010442396968715799,0.0,1.0,0,,,,,structure-determined,175.4422983855422,153.66633870880963,,,,
72,die_cast -> scrap_cast,0.03835139114539768,0.0007337117310828628,0.9992662882689172,1,USGS value 1,530.0,530.0,0.0,structure-determined,532.3687386757498,130.97412058479674,,,,
73,scrap_cast -> die_cast,0.03835139114539768,0.0007337117310828628,0.9992662882689172,1,USGS value 1,530.0,530.0,0.0,structure-determined,532.3721596245894,131.06200945990724,,,,
74,sand_cast -> scrap_sand_cast,0.299575461710494,0.0006798602263064069,0.9993201397736937,1,USGS value 1,197.0,197.0,0.0,structure-determined,196.47156283307984,49.45314246623539,,,,
75,scrap_sand_cast -> sand_cast,0.299575461710494,0.0006798602263064069,0.9993201397736937,1,USGS value 1,197.0,197.0,0.0,structure-determined,196.50063517861997,49.49506923107729,,,,
76,permanent_semi_permanent_mold_cast -> scrap_semi_permanent_mold_cast,0.2745156258728271,0.0007419229435365376,0.9992580770564635,1,USGS value 1,197.0,197.0,0.0,structure-determined,196.53167922111268,48.98078042590038,,,,
77,scrap_semi_permanent_mold_cast -> permanent_semi_permanent_mold_cast,0.2745156258728271,0.0007419229435365376,0.9992580770564635,1,USGS value 1,197.0,197.0,0.0,structure-determined,196.51100820099103,49.01566003992051,,,,
78,other_cast -> scrap_other_cast,40.1889467164971,0.0006805403140494638,0.9993194596859506,1,USGS value 1,17.0,17.0,0.0,structure-determined,17.005879674607463,4.2705916419779015,,,,
79,scrap_other_cast -> other_cast,40.1889467164971,0.0006805403140494638,0.9993194596859506,1,USGS value 1,17.0,17.0,0.0,structure-determined,17.010260795344827,4.268305191641729,,,,
80,die_cast -> export_cast_semifinished_products,1.7860600056633844,0.9984751941868661,0.0015248058131338232,1,USGS value 1,18.0,18.0,0.0,observation-driven,18.004746506372665,0.7550510569525061,,,,
81,1xxx -> rolling,0.004440275512791369,0.0014292888858167855,0.9985707111141833,1,USGS value 1,1116.0,1116.0,0.0,structure-determined,1146.9033965615395,298.2878350061705,,,,
82,1xxx -> extrusion,0.005254984115564479,0.02003483596033316,0.9799651640396668,1,USGS value 1,274.0,274.0,0.0,structure-determined,281.39495974141255,89.07446852410189,,,,
83,1xxx -> drawing,0.06681563353904427,0.0014667076371309735,0.9985332923628689,1,USGS value 1,284.0,284.0,0.0,structure-determined,78.11782049812818,17.719146884516213,,,,
84,1xxx -> other_milling_processes,0.07626276459630346,0.0355433419441688,0.9644566580558313,1,USGS value 1,54.0,54.0,0.0,structure-determined,56.264805524946524,17.5314144006098,,,,
85,2xxx -> rolling,0.43214407293396434,0.001228881770866887,0.998771118229133,1,USGS value 1,122.0,122.0,0.0,structure-determined,74.21462438442262,27.094998542462704,,,,
86,2xxx -> extrusion,0.4330064496347451,0.001565007589344553,0.9984349924106555,1,USGS value 1,108.0,108.0,0.0,structure-determined,70.71382177907608,26.23012212867054,,,,
87,2xxx -> drawing,1.372141984790966,0.6400542145802132,0.35994578541978683,1,USGS value 1,3.0,3.0,0.0,observation-driven,2.89381246505471,0.982275541776355,,,,
88,2xxx -> other_milling_processes,0.7202925360526251,0.30482242158891093,0.6951775784110892,1,USGS value 1,6.0,6.0,0.0,structure-determined,5.919506935775635,1.982368269353693,,,,
89,3xxx -> rolling,0.003236381622504895,0.0004180664310221118,0.9995819335689778,1,USGS value 1,2417.0,2417.0,0.0,structure-determined,1453.910652196464,384.5387883370491,,,,
90,3xxx -> extrusion,0.004012473496323065,0.015370220365322302,0.9846297796346778,1,USGS value 1,358.0,358.0,0.0,structure-determined,351.7388257092394,113.21078553691632,,,,
91,3xxx -> drawing,0.06803920834308501,0.037044438666646834,0.9629555613333531,1,USGS value 1,56.0,56.0,0.0,structure-determined,29.130698038537048,12.488785610191274,,,,
92,3xxx -> other_milling_processes,0.09674893227717554,0.2521547380698264,0.7478452619301736,1,USGS value 1,18.0,18.0,0.0,structure-determined,18.34928088978675,5.907059322010525,,,,
93,4xxx -> rolling,1.4622042800705601,0.009384859817662754,0.9906151401823372,1,USGS value 1,24.0,24.0,0.0,structure-determined,21.806513018665136,7.693945153867146,,,,
94,4xxx -> other_milling_processes,1.5185137867250271,0.0006018297992461188,0.9993981702007538,1,USGS value 1,93.0,93.0,0.0,structure-determined,61.89906425408094,17.105629367052266,,,,
95,5xxx -> rolling,0.0018953390991213214,0.0006824557064276528,0.9993175442935723,1,USGS value 1,2472.0,2472.0,0.0,structure-determined,2227.1784752346803,464.5753157914324,,,,
96,5xxx -> extrusion,0.0028865661787560192,0.09587456271442871,0.9041254372855713,1,USGS value 1,169.0,169.0,0.0,structure-determined,169.85472067525436,55.32271525453132,,,,
97,5xxx -> drawing,0.0650178198772763,0.01292059318541612,0.9870794068145838,1,USGS value 1,97.0,97.0,0.0,structure-determined,35.90921225413169,13.871851038584488,,,,
98,5xxx -> other_milling_processes,0.08595403843354985,0.1738346573519665,0.8261653426480334,1,USGS value 1,23.0,23.0,0.0,structure-determined,23.267694730862637,7.669351303386555,,,,
99,6xxx -> rolling,0.0012013441663747636,0.006488315194498303,0.9935116848055017,1,USGS value 1,1007.0,1007.0,0.0,structure-determined,932.3589020161129,304.20615857090837,,,,
100,6xxx -> extrusion,0.0019111364971305428,0.0009495584867952658,0.9990504415132048,1,USGS value 1,2087.0,2087.0,0.0,structure-determined,2240.496284117847,242.32532236744322,,,,
101,6xxx -> drawing,0.0640354222441571,0.008716539926305436,0.9912834600736946,1,USGS value 1,119.0,119.0,0.0,structure-determined,40.7861763950733,14.167445660256567,,,,
102,6xxx -> other_milling_processes,0.2898730665590438,0.7574395155034419,0.24256048449655804,1,USGS value 1,6.0,6.0,0.0,observation-driven,6.0042853544269805,1.992018931037533,,,,
103,7xxx -> rolling,0.038160873609737286,0.0019976908130499415,0.99800230918695,1,USGS value 1,322.0,322.0,0.0,structure-determined,159.10333921289958,60.85173662859958,,,,
104,7xxx -> extrusion,0.0389026870995914,0.0026289911988959945,0.997371008801104,1,USGS value 1,278.0,278.0,0.0,structure-determined,157.41606216262394,60.163392844926456,,,,
105,7xxx -> drawing,0.9786136058137275,0.8974382280712788,0.10256177192872121,1,USGS value 1,3.0,3.0,0.0,observation-driven,2.878242415738165,0.9972437617088353,,,,
106,7xxx -> other_milling_processes,0.10730084098339905,0.0009133106422401896,0.9990866893577598,1,USGS value 1,284.0,284.0,0.0,structure-determined,196.68701147198487,47.16330871959909,,,,
107,8xxx -> rolling,1.5807133573663494,0.10204908637824708,0.8979509136217529,1,USGS value 1,7.0,7.0,0.0,structure-determined,7.113597607728236,2.2878096780179646,,,,
108,8xxx -> extrusion,1.4265711898735112,0.004523022898266447,0.9954769771017336,1,USGS value 1,35.0,35.0,0.0,structure-determined,38.407336484245754,10.838431383239746,,,,
109,8xxx -> drawing,1.4849787569236204,0.0022168990797663017,0.9977831009202337,1,USGS value 1,49.0,49.0,0.0,structure-determined,31.15996417691036,12.280308697485744,,,,
110,8xxx -> other_milling_processes,2.366766465789437,0.3710738989514021,0.6289261010485979,1,USGS value 1,3.0,3.0,0.0,structure-determined,3.0274669484182204,0.9827027656917665,,,,
111,die_cast -> building_construction,0.030939071032982553,0.7076912935416422,0.2923087064583579,1,USGS value 1,19.0,19.0,0.0,observation-driven,19.199891774463868,6.339805310708976,,,,
112,die_cast -> transportation_auto,0.003588912694947069,0.002197997911951336,0.9978020020880487,1,USGS value 1,1001.0,1001.0,0.0,structure-determined,952.1979385135112,107.04337799095,,,,
113,die_cast -> transportation_other,0.00673080230854979,0.05016590224102097,0.949834097758979,1,USGS value 1,153.0,153.0,0.0,structure-determined,151.25470515684268,50.029861465617216,,,,
114,die_cast -> machine_industry,0.02304391617955138,0.26466531867676574,0.7353346813232343,1,USGS value 1,36.0,36.0,0.0,structure-determined,36.158169899410815,11.899629662203122,,,,
115,die_cast -> electrical_equipment,0.011286544990571204,0.3170308982316755,0.6829691017683246,1,USGS value 1,47.0,47.0,0.0,structure-determined,46.32894406713918,15.173250407116617,,,,
116,die_cast -> consumer_durables,0.006923583152295802,0.12387536456374473,0.8761246354362553,1,USGS value 1,96.0,96.0,0.0,structure-determined,89.65496640151007,31.008725763776628,,,,
117,die_cast -> other_end_uses,0.1238680681252487,0.01165294027053316,0.9883470597294668,1,USGS value 1,74.0,74.0,0.0,structure-determined,76.9104267726062,23.64765016916774,,,,
118,sand_cast -> transportation_auto,0.04269219942103906,0.0031613971888834504,0.9968386028111166,1,USGS value 1,242.0,242.0,0.0,structure-determined,207.89564266162677,25.07741001328236,,,,
119,sand_cast -> transportation_other,0.04985019685254261,0.08988616792019519,0.9101138320798048,1,USGS value 1,42.0,42.0,0.0,structure-determined,40.75586971325527,13.550031662360382,,,,
120,sand_cast -> machine_industry,0.2754825140017736,0.7970063576905123,0.20299364230948774,1,USGS value 1,6.0,6.0,0.0,observation-driven,5.979207694444994,1.9795879174558342,,,,
121,sand_cast -> electrical_equipment,0.17018780938298123,0.7256879337421486,0.27431206625785143,1,USGS value 1,8.0,8.0,0.0,observation-driven,7.885106971292325,2.628988402008054,,,,
122,sand_cast -> consumer_durables,0.07591793984949206,0.406699786585636,0.5933002134143641,1,USGS value 1,16.0,16.0,0.0,structure-determined,15.629765779383513,5.277854574067166,,,,
123,sand_cast -> other_end_uses,0.19653065949014023,0.17874977118508625,0.8212502288149137,1,USGS value 1,15.0,15.0,0.0,structure-determined,15.012794447799806,4.923091390910678,,,,
124,permanent_semi_permanent_mold_cast -> transportation_auto,0.017531278195969863,0.001932637851957319,0.9980673621480427,1,USGS value 1,483.0,483.0,0.0,structure-determined,388.3277365718088,46.265402518537826,,,,
125,permanent_semi_permanent_mold_cast -> transportation_other,0.021922621389184455,0.07358169038339099,0.926418309616609,1,USGS value 1,70.0,70.0,0.0,structure-determined,68.38185747748122,22.817193806002496,,,,
126,permanent_semi_permanent_mold_cast -> machine_industry,0.05525706474901405,0.44149470819153247,0.5585052918084675,1,USGS value 1,18.0,18.0,0.0,structure-determined,18.135564914175657,5.843253207912974,,,,
127,permanent_semi_permanent_mold_cast -> electrical_equipment,0.03534731599932463,0.388221334641388,0.611778665358612,1,USGS value 1,24.0,24.0,0.0,structure-determined,23.504611636964654,7.8664971111980355,,,,
128,permanent_semi_permanent_mold_cast -> consumer_durables,0.02341293962532767,0.1465277578643293,0.8534722421356707,1,USGS value 1,48.0,48.0,0.0,structure-determined,46.263333092125485,15.668770912207844,,,,
129,permanent_semi_permanent_mold_cast -> other_end_uses,0.1431785628426971,0.04775540045371589,0.9522445995462842,1,USGS value 1,34.0,34.0,0.0,structure-determined,33.98970606061585,11.095599556076413,,,,
130,other_cast -> other_end_uses,5.680251140398852,0.000197211490055165,0.9998027885099448,1,USGS value 1,84.0,84.0,0.0,structure-determined,25.353782307240976,2.498663346489128,,,,
131,import_mill_semifinished_products -> rolling,0.0005301036894391105,0.6236110387129565,0.3763889612870433,1,USGS value 1,1100.0,1100.0,0.0,observation-driven,1155.5177159356897,54.85255289703238,,,,
132,import_mill_semifinished_products -> extrusion,7.905122640782777,0.999884214639909,0.00011578536009098501,1,USGS value 1,0.0,0.0,0.0,observation-driven,0.2802947403022084,0.20385265793128254,,,,
133,import_mill_semifinished_products -> drawing,0.07007586677970482,0.10834880093355513,0.8916511990664449,1,USGS value 1,229.5269584770069,229.5269584770069,0.0,structure-determined,219.05354864454188,11.069685013415462,,,,
134,import_mill_semifinished_products -> other_milling_processes,7.9735250704885905,0.9913065141747786,0.008693485825221503,1,USGS value 1,0.0,0.0,0.0,observation-driven,0.27813876945980953,0.20409215301041345,,,,
135,import_mill_semifinished_products -> sheet_plate,7.904649568314593,0.9999440550780245,5.594492197550905e-05,1,USGS value 1,0.0,0.0,0.0,observation-driven,0.2833375867408815,0.21047120212176743,,,,
136,import_mill_semifinished_products -> foil,0.032583599770331206,0.2921145615897882,0.7078854384102118,1,USGS value 1,205.0,205.0,0.0,structure-determined,206.46298734494584,10.249257293847558,,,,
137,import_mill_semifinished_products -> extruded_products,7.9058207510254075,0.999795921541233,0.00020407845876703373,1,USGS value 1,0.0,0.0,0.0,observation-driven,0.27830368058125243,0.20588953314637154,,,,
138,import_mill_semifinished_products -> wire,0.0482585771758771,0.08514836045720313,0.9148516395427969,1,USGS value 1,312.0,312.0,0.0,structure-determined,290.390960822176,14.773585733990961,,,,
139,import_mill_semifinished_products -> forging_impacts,8.377332481766995,0.9435231752487456,0.056476824751254255,1,USGS value 1,0.0,0.0,0.0,observation-driven,0.2809710167262296,0.20701360095577997,,,,
140,import_mill_semifinished_products -> powerder_paste,5.071150357830115,0.35056696258922754,0.6494330374107724,1,USGS value 1,15.0,15.0,0.0,structure-determined,15.014409759820264,0.7499633191140219,,,,
141,rolling -> scrap_rolling,0.0038754056282948985,0.0007967116966900394,0.99920328830331,1,USGS value 1,1600.0,1600.0,0.0,structure-determined,1638.5022393515894,318.97964073953,,,,
142,rolling -> sheet_plate,0.0006421384381433618,0.0006046324823146812,0.9993953675176853,1,USGS value 1,4512.0,4512.0,0.0,structure-determined,4812.9909551227665,124.38308006593262,,,,
143,rolling -> foil,0.023284832772394976,0.0008525630028277522,0.9991474369971722,1,USGS value 1,631.0,631.0,0.0,structure-determined,451.0215211707354,22.62400660310166,,,,
144,rolling -> export_milling_semifinished_products,0.00020592886566418579,0.031096605136514775,0.9689033948634852,1,USGS value 1,1111.0,1111.0,0.0,structure-determined,366.3053923441359,121.33509101467787,,,,
145,scrap_rolling -> forming_scrap_generated,0.005016461290832741,0.0006154898472202529,0.9993845101527796,1,USGS value 1,1600.0,1600.0,0.0,structure-determined,1644.1527484695785,318.692361075783,,,,
146,extrusion -> scrap_extrusion,0.020538209315354758,0.0007066152805956959,0.9992933847194043,1,USGS value 1,738.0,738.0,0.0,structure-determined,717.5950184689784,176.59669777562019,,,,
147,extrusion -> extruded_products,0.0025300284783972564,0.0005230347106465782,0.9994769652893535,1,USGS value 1,2444.0,2444.0,0.0,structure-determined,2477.4497838260063,53.769019725082636,,,,
148,extrusion -> export_milling_semifinished_products,0.0010660231888718536,0.1413906553992797,0.8586093446007204,1,USGS value 1,229.0,229.0,0.0,structure-determined,135.8582393055894,58.54062337046933,,,,
149,scrap_extrusion -> forming_scrap_generated,0.020963492683408583,0.0006922802777892278,0.9993077197222108,1,USGS value 1,738.0,738.0,0.0,structure-determined,718.5404640841523,176.72841717270566,,,,
150,drawing -> scrap_drawing,0.3984444544740922,0.0014247101646993202,0.9985752898353008,1,USGS value 1,118.0,118.0,0.0,structure-determined,185.88700005269874,17.589233292626023,,,,
151,drawing -> wire,0.10667152930979562,0.0003642979429379473,0.9996357020570621,1,USGS value 1,451.0,451.0,0.0,structure-determined,198.2992178293197,20.85728267429536,,,,
152,drawing -> export_milling_semifinished_products,0.06718531710215428,0.06998681654297428,0.9300131834570257,1,USGS value 1,41.0,41.0,0.0,structure-determined,54.45780748184626,11.279146385794592,,,,
153,scrap_drawing -> forming_scrap_generated,0.33730180467392823,0.0016829671721029858,0.9983170328278971,1,USGS value 1,118.0,118.0,0.0,structure-determined,185.7876712354181,17.597861481353362,,,,
154,other_milling_processes -> scrap_other_milling_processes,0.33430778717902787,0.0005412766081623167,0.9994587233918377,1,USGS value 1,209.0,209.0,0.0,structure-determined,186.84197838767935,44.20993169696755,,,,
155,other_milling_processes -> forging_impacts,0.5426404708166681,0.0003641548948337516,0.9996358451051662,1,USGS value 1,200.0,200.0,0.0,structure-determined,144.98432739702318,4.362235940793588,,,,
156,other_milling_processes -> powerder_paste,3.365303268334905,0.0007764414963171234,0.9992235585036828,1,USGS value 1,55.0,55.0,0.0,structure-determined,40.030774625819944,2.467219006255034,,,,
157,other_milling_processes -> export_milling_semifinished_products,7.9735250704885905,0.9913065141747786,0.008693485825221503,1,USGS value 1,0.0,0.0,0.0,observation-driven,0.28001075187214675,0.20778933939728372,,,,
158,scrap_other_milling_processes -> forming_scrap_generated,0.2663306408412673,0.0006794298416244249,0.9993205701583756,1,USGS value 1,209.0,209.0,0.0,structure-determined,186.91811051428093,44.197452920231704,,,,
159,sheet_plate -> scrap_sheet_plate,0.015304390260102012,0.0008317443464462186,0.9991682556535537,1,USGS value 1,788.0,788.0,0.0,structure-determined,818.240117314502,27.83327433543088,,,,
160,sheet_plate -> building_construction,0.006788067136051839,0.0037532008398097646,0.9962467991601902,1,USGS value 1,557.0,557.0,0.0,structure-determined,211.18865229264586,82.3782980720447,,,,
161,sheet_plate -> transportation_auto,0.002032598821186098,0.36049623620236604,0.639503763797634,1,USGS value 1,888.0,888.0,0.0,structure-determined,863.6913411708897,36.77327019183597,,,,
162,sheet_plate -> transportation_other,0.0057138269744706925,0.28034645073968056,0.7196535492603195,2,Other literature; USGS value 1,604.0,662.0,9.162717219589258,structure-determined,594.7260873424267,24.502092298434118,,,,
163,sheet_plate -> machine_industry,0.021678608953154696,0.323581087877062,0.6764189121229379,1,USGS value 1,287.0,287.0,0.0,structure-determined,284.7595245719698,11.771443463961502,,,,
164,sheet_plate -> electrical_equipment,0.030110051485980536,0.8197548144045226,0.18024518559547742,1,USGS value 1,153.0,153.0,0.0,observation-driven,152.23171695989996,6.428442898399471,,,,
165,sheet_plate -> consumer_durables,0.010898338570807497,0.6527221039491824,0.3472778960508176,1,USGS value 1,285.0,285.0,0.0,observation-driven,281.8309882168975,11.872523871108505,,,,
166,sheet_plate -> container_packages,0.003059052687991535,0.06489830062674322,0.9351016993732567,1,USGS value 1,1706.0,1706.0,0.0,structure-determined,1615.5199454428002,68.94698807342033,,,,
167,sheet_plate -> other_end_uses,0.6507229588155907,0.8153692448953407,0.18463075510465923,1,USGS value 1,33.0,33.0,0.0,observation-driven,32.94796810871136,1.3660437115482922,,,,
168,scrap_sheet_plate -> fabrication_scrap_generated,0.02673947412361186,0.03479950278934507,0.9652004972106549,1,USGS value 1,788.0,788.0,0.0,structure-determined,819.5122786528232,26.482117011783096,,,,
169,foil -> scrap_foil,10.399302161849464,0.0007909166883263165,0.9992090833116737,1,USGS value 1,31.0,31.0,0.0,structure-determined,31.053792238736445,1.2898324672799972,,,,
170,foil -> building_construction,0.056736019381598904,0.48206058017232956,0.5179394198276704,1,USGS value 1,17.0,17.0,0.0,structure-determined,16.72495870519416,5.6158074222770145,,,,
171,foil -> transportation_auto,0.4697572381475356,0.9490735140221802,0.0509264859778198,1,USGS value 1,36.0,36.0,0.0,observation-driven,35.97132034481298,1.5216272140760079,,,,
172,foil -> transportation_other,4.8127931288354855,0.9944449707370724,0.005555029262927572,2,Other literature; USGS value 1,11.0,27.0,84.21052631578948,multi-source,11.027597066351769,0.46180948988866827,,,,
173,foil -> machine_industry,64.23740504731863,0.9994195429927154,0.0005804570072845522,1,USGS value 1,3.0,3.0,0.0,observation-driven,3.0004647723514553,0.12759943416494327,,,,
174,foil -> electrical_equipment,23.140092900977937,0.9987877999131863,0.0012122000868136174,1,USGS value 1,5.0,5.0,0.0,observation-driven,5.005329792724682,0.20606972779694704,,,,
175,foil -> consumer_durables,0.057192844206057004,0.5382642136272102,0.4617357863727898,1,USGS value 1,137.0,137.0,0.0,observation-driven,136.304193372552,5.673451865664439,,,,
176,foil -> container_packages,0.028712975929401453,0.11246551960575103,0.887534480394249,1,USGS value 1,423.0,423.0,0.0,structure-determined,418.07650666202784,17.38670598017089,,,,
177,foil -> other_end_uses,577.9438286609175,0.9997529747789056,0.0002470252210944244,1,USGS value 1,1.0,1.0,0.0,observation-driven,1.0001486845139984,0.04120315312752232,,,,
178,scrap_foil -> fabrication_scrap_generated,10.980221046544523,0.05475753190932833,0.9452424680906717,1,USGS value 1,31.0,31.0,0.0,structure-determined,31.054747722559874,1.2564316886323645,,,,
179,extruded_products -> scrap_extruded_products,0.935149729285797,0.0007967145017985862,0.9992032854982014,1,USGS value 1,103.0,103.0,0.0,structure-determined,103.56055113988874,4.283762812376907,,,,
180,extruded_products -> building_construction,0.008623911195947928,0.08002614042239653,0.9199738595776036,1,USGS value 1,915.0,915.0,0.0,structure-determined,889.3618459072039,37.51289629666566,,,,
181,extruded_products -> transportation_auto,0.009634807664807577,0.7435301883316742,0.2564698116683258,1,USGS value 1,284.0,284.0,0.0,observation-driven,281.5912877568892,11.728141588684514,,,,
182,extruded_products -> transportation_other,0.00796684359196527,0.3368567473597749,0.6631432526402252,2,Other literature; USGS value 1,212.0,480.0,77.45664739884393,structure-determined,455.1062556576323,19.275432760813953,,,,
183,extruded_products -> machine_industry,0.026121835712475554,0.393802029476687,0.6061979705233129,1,USGS value 1,237.0,237.0,0.0,structure-determined,235.91069652170302,9.791966887843166,,,,
184,extruded_products -> electrical_equipment,0.01638348624927214,0.5972545507835562,0.4027454492164439,1,USGS value 1,243.0,243.0,0.0,observation-driven,241.21650376074757,9.823080797332471,,,,
185,extruded_products -> consumer_durables,0.014426686032884387,0.6564744814687536,0.3435255185312464,1,USGS value 1,247.0,247.0,0.0,observation-driven,244.15301314776627,10.264071629583027,,,,
186,extruded_products -> other_end_uses,0.5011970089634145,0.7579501637254769,0.24204983627452314,1,USGS value 1,39.0,39.0,0.0,observation-driven,38.94879851914708,1.63055475582606,,,,
187,scrap_extruded_products -> fabrication_scrap_generated,0.9982140837530977,0.0545607326284002,0.9454392673715998,1,USGS value 1,103.0,103.0,0.0,structure-determined,103.55153852034411,4.187649498222674,,,,
188,wire -> building_construction,0.08370281660605186,0.3970357790667496,0.6029642209332503,1,USGS value 1,15.422128,15.422128,0.0,structure-determined,17.717823992546045,4.986916673271534,,,,
189,wire -> transportation_other,3.9001186047253884,0.987739042281404,0.012260957718596062,1,USGS value 1,12.246984,12.246984,0.0,observation-driven,12.271583231503392,0.5178614183021102,,,,
190,wire -> machine_industry,7.837668191977827,0.9925524999141725,0.007447500085827476,1,USGS value 1,8.618248,8.618248,0.0,observation-driven,8.635994288886511,0.36599405010625846,,,,
191,wire -> electrical_equipment,0.05261693545453177,0.06618648840068882,0.9338135115993111,1,USGS value 1,407.325616,407.325616,0.0,structure-determined,432.8895563869441,15.77634883502327,,,,
192,wire -> consumer_durables,5.825502585125954,0.9918475762660222,0.008152423733977853,1,USGS value 1,10.0,10.0,0.0,observation-driven,10.01168393415938,0.41884597946906893,,,,
193,wire -> other_end_uses,23.27589316305257,0.9929604985058892,0.007039501494110771,1,USGS value 1,5.0,5.0,0.0,observation-driven,5.0017546203492556,0.204300872146612,,,,
194,forging_impacts -> transportation_auto,1.0034558572156058,0.5276496074635011,0.47235039253649896,1,USGS value 1,33.03446076315101,33.03446076315101,0.0,observation-driven,32.9812237637495,1.380909055434865,,,,
195,forging_impacts -> transportation_other,0.5435084053370466,0.12274606127063833,0.8772539387293616,1,USGS value 1,93.06411523684899,93.06411523684899,0.0,structure-determined,92.78862494275386,3.8422043108243726,,,,
196,forging_impacts -> machine_industry,28.57060947291466,0.9829423752755837,0.01705762472441634,1,USGS value 1,4.53592,4.53592,0.0,observation-driven,4.524875169900886,0.18540672628366328,,,,
197,forging_impacts -> electrical_equipment,2808.8043839430547,0.9998297816295061,0.00017021837049385438,1,USGS value 1,0.453592,0.453592,0.0,observation-driven,0.4534097050938493,0.019339769610172277,,,,
198,forging_impacts -> consumer_durables,6.278794677603257,0.924114787947868,0.07588521205213199,1,USGS value 1,9.979023999999999,9.979023999999999,0.0,observation-driven,9.967918080116599,0.4243707717296217,,,,
199,forging_impacts -> container_packages,578.2766053976817,0.9991776540251143,0.000822345974885812,1,USGS value 1,0.0,0.0,0.0,observation-driven,0.03343934993007006,0.024899254241918266,,,,
200,forging_impacts -> other_end_uses,28.676089123080292,0.9793268049154821,0.020673195084517943,1,USGS value 1,4.53592,4.53592,0.0,observation-driven,4.5376611230749635,0.19365100396379012,,,,
201,powerder_paste -> other_end_uses,3.604082441822645,0.05299784858056538,0.9470021514194347,1,USGS value 1,55.0,55.0,0.0,structure-determined,55.036665451035525,2.2769981886944706,,,,
202,import_finished_consumption -> building_construction,0.015932052965812876,0.6032924842143499,0.39670751578564994,1,USGS value 1,204.0,204.0,0.0,observation-driven,204.03103638690962,10.179529258631737,,,,
203,import_finished_consumption -> transportation_auto,0.0017871358393780172,0.5201094543576911,0.4798905456423089,1,USGS value 1,656.0,656.0,0.0,observation-driven,657.1314877157915,33.14765853365132,,,,
204,import_finished_consumption -> transportation_other,0.01157098542659532,0.6828488911359831,0.3171511088640169,1,USGS value 1,225.0,225.0,0.0,observation-driven,225.05760084012115,11.229331756469858,,,,
205,import_finished_consumption -> machine_industry,0.021108529846002894,0.3262630706713392,0.6737369293286609,1,USGS value 1,241.0,241.0,0.0,structure-determined,241.3613110930749,12.042287445698184,,,,
206,import_finished_consumption -> electrical_equipment,0.006487280377923687,0.23157833103672248,0.7684216689632776,1,USGS value 1,516.0,516.0,0.0,structure-determined,515.9451093300061,25.65497850847617,,,,
207,import_finished_consumption -> consumer_durables,0.003824500671414051,0.12602261755112926,0.8739773824488708,1,USGS value 1,911.0,911.0,0.0,structure-determined,897.293476568838,44.23977882325646,,,,
208,import_finished_consumption -> container_packages,10.224022236234688,0.9997634687887219,0.00023653121127803083,1,USGS value 1,0.0,0.0,0.0,observation-driven,0.2461421438059471,0.18337162117940176,,,,
209,import_finished_consumption -> other_end_uses,10.341305182117736,0.9884249382318098,0.01157506176819013,1,USGS value 1,0.0,0.0,0.0,observation-driven,0.2442663261723716,0.1835174338876429,,,,
210,building_construction -> export_finished_consumption,0.009699407776861459,0.34837617936729626,0.6516238206327037,1,USGS value 1,55.0,55.0,0.0,structure-determined,54.243402241785354,16.30564030986892,,,,
211,building_construction -> consumption_building_construction,0.006324010503776952,0.0005764301532631118,0.999423569846737,1,USGS value 1,1674.51826026986,1674.51826026986,0.0,structure-determined,1304.2330157353156,93.08296649110287,,,,
212,transportation_auto -> export_finished_consumption,0.0008699183962491808,0.014126386114058455,0.9858736138859415,1,USGS value 1,802.0,802.0,0.0,structure-determined,789.2694342195899,253.25972661543275,,,,
213,transportation_auto -> consumption_transportation_auto,0.0008589941164134147,0.0015885129959557838,0.9984114870040441,1,USGS value 1,2736.963739955534,2736.963739955534,0.0,structure-determined,2631.1404185744655,282.278894642376,,,,
214,transportation_other -> export_finished_consumption,0.0038245047028344107,0.040463760974233945,0.959536239025766,1,USGS value 1,226.0,226.0,0.0,structure-determined,223.34669513717802,73.3029582543724,,,,
215,transportation_other -> consumption_transportation_other,0.003674514886725303,0.0012965053015373653,0.9987034946984625,1,USGS value 1,1464.779895135754,1464.779895135754,0.0,structure-determined,1428.060413183231,98.92147503493318,,,,
216,machine_industry -> export_finished_consumption,0.014668439166808956,0.03046289251631286,0.9695371074836872,1,USGS value 1,133.0,133.0,0.0,structure-determined,127.19815938203146,43.10305338538893,,,,
217,machine_industry -> consumption_machine_industry,0.014225778407318116,0.0002939963009395099,0.9997060036990605,1,USGS value 1,1563.329674932784,1563.329674932784,0.0,structure-determined,711.3559062692484,49.66716923619406,,,,
218,electrical_equipment -> export_finished_consumption,0.005093392155823004,0.021287451951290576,0.9787125480487093,1,USGS value 1,270.0,270.0,0.0,structure-determined,271.4697221452301,86.1689153895945,,,,
219,electrical_equipment -> consumption_electrical_equipment,0.0049925530043146114,0.0015195009990307587,0.9984804990009692,1,USGS value 1,1160.774041485902,1160.774041485902,0.0,structure-determined,1153.8882612114248,93.24823782184129,,,,
220,consumer_durables -> export_finished_consumption,0.0035234800711029146,0.051356324280237,0.948643675719763,1,USGS value 1,209.0,209.0,0.0,structure-determined,239.55311669058196,64.34086930850735,,,,
221,consumer_durables -> consumption_consumer_durables,0.003353872537426527,0.003382791481643836,0.9966172085183561,1,USGS value 1,949.1801201058629,949.1801201058629,0.0,structure-determined,1489.566280564945,85.06633993111505,,,,
222,container_packages -> export_finished_consumption,7.9066256436749205,0.999694142549217,0.00030585745078302585,1,USGS value 1,0.0,0.0,0.0,observation-driven,0.28162048382305477,0.20637559343949347,,,,
223,container_packages -> consumption_container_packages,0.0024205551329330756,0.0009315091535350014,0.999068490846465,1,USGS value 1,2129.160848,2129.160848,0.0,structure-determined,2033.388050686671,73.20777792408937,,,,
224,other_end_uses -> export_finished_consumption,8.023908589557967,0.9850819279767853,0.01491807202321478,1,USGS value 1,0.0,0.0,0.0,observation-driven,0.2759398450696886,0.20487425287944327,,,,
225,other_end_uses -> consumption_other_end_uses,0.11978817124392521,0.0007256559333453027,0.9992743440666547,1,USGS value 1,342.915552,342.915552,0.0,structure-determined,288.65630592983877,26.76347602872208,,,,
226,eol_scrap_building_construction -> eol_scrap_generated,0.0005733597457201424,0.3327673739219143,0.6672326260780856,2,Other literature; USGS value 1,207.0,795.0,117.36526946107784,structure-determined,214.36632896294913,68.150293229878,,,,
227,eol_scrap_transportation_auto -> eol_scrap_generated,0.00038658559014821816,0.010401994865774391,0.9895980051342256,1,USGS value 1,1402.0,1402.0,0.0,structure-determined,895.7280695914283,302.6508519598432,,,,
228,eol_scrap_transportation_other -> eol_scrap_generated,0.0004232068972156286,0.09603474957216199,0.903965250427838,1,USGS value 1,441.0,441.0,0.0,structure-determined,395.63912792321605,137.8464626858634,,,,
229,eol_scrap_machine_industry -> eol_scrap_generated,0.0005400939713488527,0.29167080338097034,0.7083291966190297,1,USGS value 1,224.0,224.0,0.0,structure-determined,212.35429113922137,73.53175153306837,,,,
230,eol_scrap_electrical_equipment -> eol_scrap_generated,0.0004785252770367635,0.20053475295324288,0.7994652470467571,1,USGS value 1,287.0,287.0,0.0,structure-determined,266.4433539254649,92.61926738948252,,,,
231,eol_scrap_consumer_durables -> eol_scrap_generated,0.0003964675564261955,0.03506775617961476,0.9649322438203852,1,USGS value 1,754.0,754.0,0.0,structure-determined,614.3391233556335,224.45178533781186,,,,
232,eol_scrap_container_packages -> eol_scrap_generated,0.0006060276488685511,0.3687345296232628,0.6312654703767372,1,USGS value 1,1608.0,1608.0,0.0,structure-determined,1595.55740291525,67.31697949487562,,,,
233,eol_scrap_other_end_uses -> eol_scrap_generated,0.0005121223832640073,0.2529826046929568,0.7470173953070433,1,USGS value 1,247.0,247.0,0.0,structure-determined,229.04001547123377,79.49851018732151,,,,
