node,flow_idx,n_out,target_share,source_share_sd,share_sigma,node_total_ref,tau_flow_units,share_dev_mean,share_dev_sd,share_dev_abs_mean,z_vs_tolerance
3,2,3,0.00716833702289624,0.0005501146091863423,0.02,3984.2463464106995,79.684926928214,-0.005238594174807572,0.00025063125422243837,0.005238594174807572,-0.2619297087403786
3,3,3,0.049862454186204,0.011465192595054085,0.02,3984.2463464106995,79.684926928214,0.0011455597995780682,0.008121040011132254,0.006556047864785229,0.05727798997890341
3,4,3,0.9429692087908997,0.011495558918200798,0.02,3984.2463464106995,79.684926928214,0.0040930343752295425,0.00813107115407346,0.007266931548321151,0.2046517187614771
5,6,4,0.5361595903246611,0.02816810263254595,0.02816810263254595,3784.941337571323,106.61461605487477,0.025289015442325587,0.016059912838034623,0.026089800945274154,0.8977890975555517
5,7,4,0.10767361335032928,0.008549699041773662,0.02,3784.941337571323,75.69882675142647,-0.04497853399563304,0.004997982657770629,0.04497853399563304,-2.248926699781652
5,8,4,0.18055738387501136,0.01854654414803578,0.02,3784.941337571323,75.69882675142647,0.018730258314242458,0.011323600510106334,0.01918640359762784,0.9365129157121229
5,9,4,0.1756094124499982,0.013572642845201155,0.02,3784.941337571323,75.69882675142647,0.0009592602390650196,0.009554965670912918,0.007673596395026633,0.04796301195325098
6,10,3,0.46778889314325955,0.06327385151113493,0.06327385151113493,1970.4841761541038,124.68012316701581,0.03466906950574479,0.023763935134077423,0.03615588496028924,0.5479209606774724
6,11,3,0.38122385291310307,0.051698958154239395,0.051698958154239395,1970.4841761541038,101.8719789665819,-0.027414929585499893,0.028431518802607542,0.032625350675483715,-0.5302801171294363
6,12,3,0.1509872539436374,0.039537810454176495,0.039537810454176495,1970.4841761541038,77.90862985973509,-0.0072541399202448245,0.024703469593895924,0.020552864606718745,-0.18347348618741097
7,13,2,0.6931672175033361,0.013996507466370298,0.02,4577.479811453605,91.54959622907211,-0.008610879628311129,0.008318696335277095,0.009910245300498804,-0.43054398141555644
7,14,2,0.30683278249666385,0.013996507466370298,0.02,4577.479811453605,91.54959622907211,0.008610879628311164,0.008318696335277091,0.009910245300498825,0.43054398141555816
8,15,2,0.016121393038384304,0.008025771017085966,0.02,8184.864834600247,163.69729669200495,-0.00552470498935148,0.007130471110676275,0.007648559139183426,-0.276235249467574
8,16,2,0.9838786069616158,0.008025771017085966,0.02,8184.864834600247,163.69729669200495,0.00552470498935141,0.007130471110676276,0.007648559139183389,0.2762352494675705
9,17,2,0.03287371383037022,0.01532020046595039,0.02,2681.7558749492605,53.63511749898521,0.001587594985750007,0.011202451271626883,0.009036747730449995,0.07937974928750034
9,18,2,0.9671262861696298,0.01532020046595039,0.02,2681.7558749492605,53.63511749898521,-0.0015875949857500377,0.011202451271626883,0.00903674773045,-0.07937974928750188
10,19,2,0.7048061740245867,0.10126825273558145,0.10126825273558145,468.8752271732135,47.48217500683015,-0.020919309087471315,0.056902577963093136,0.048467470011721844,-0.20657322035656236
10,20,2,0.29519382597541327,0.10126825273558145,0.10126825273558145,468.8752271732135,47.48217500683015,0.020919309087471413,0.05690257796309313,0.048467470011721865,0.20657322035656334
12,21,2,0.9935650586125245,0.006208984891317458,0.02,101.29706820455503,2.025941364091101,0.002444587577077654,0.003396151406372079,0.0034444636781001525,0.1222293788538827
12,22,2,0.006434941387475459,0.006208984891317458,0.02,101.29706820455503,2.025941364091101,-0.0024445875770776416,0.003396151406372076,0.0034444636781001455,-0.12222937885388208
16,23,2,0.5014784576000925,0.16001384462035226,0.16001384462035226,44.82754010865722,7.173027037659285,-0.04337721495647097,0.09181666466827043,0.08164857622206455,-0.2710841368719529
16,24,2,0.4985215423999075,0.16001384462035226,0.16001384462035226,44.82754010865722,7.173027037659285,0.04337721495647106,0.09181666466827043,0.08164857622206459,0.27108413687195343
18,26,3,0.2933167207606753,0.02732448672705284,0.02732448672705284,5011.804645433304,136.94498951272408,0.028322639300433758,0.016543014142718318,0.02895630731944378,1.0365296001111226
18,27,3,0.32769192345699244,0.05808024133360509,0.05808024133360509,5011.804645433304,291.0868233236494,-0.003057592462308409,0.031065588562426177,0.024917128480364842,-0.05264427957084423
18,28,3,0.37899135578233234,0.03801075307876972,0.03801075307876972,5011.804645433304,190.50246885659635,-0.025265046838125468,0.021590720758918297,0.027856589358494485,-0.6646815648658337
19,29,2,0.6885046138796663,0.0755679232688576,0.0755679232688576,1743.3451633023476,131.74097353156583,-0.022135593170067316,0.04234598832092083,0.03817150979757271,-0.29292313739141285
19,30,2,0.3114953861203337,0.07556792326885758,0.07556792326885758,1743.3451633023476,131.7409735315658,0.022135593170067316,0.04234598832092083,0.03817150979757271,0.2929231373914129
20,31,2,0.027692702904310522,0.015407818593208972,0.02,1874.0685508650085,37.48137101730017,-0.0013863608264118893,0.012022511709882389,0.009729387736847306,-0.06931804132059446
20,32,2,0.9723072970956895,0.015407818593208972,0.02,1874.0685508650085,37.48137101730017,0.001386360826411831,0.012022511709882389,0.009729387736847304,0.06931804132059155
21,33,2,0.9998191336830294,0.00012223119672259456,0.02,1807.0803889704978,36.14160777940996,-3.907753376623827e-05,0.00016013541173375706,0.00013111444130427434,-0.0019538766883119138
21,34,2,0.0001808663169705188,0.00012223119672259534,0.02,1807.0803889704978,36.14160777940996,3.9077533766294136e-05,0.00016013541173375557,0.00013111444130428046,0.0019538766883147067
22,35,2,0.044097157067939936,0.02081468514978585,0.02081468514978585,960.7638940894751,19.997997958754624,-0.0028787531870374922,0.012797393295673731,0.01047057031925357,-0.13830395061570797
22,36,2,0.9559028429320601,0.02081468514978585,0.02081468514978585,960.7638940894751,19.997997958754624,0.0028787531870374857,0.012797393295673734,0.010470570319253568,0.13830395061570766
23,37,2,0.9994949551243176,0.00031170676511717093,0.02,924.7727477553618,18.49545495510724,-0.00022316587029650025,0.00034324249364823937,0.00032596608638689467,-0.011158293514825012
23,38,2,0.0005050448756824789,0.0003117067651171707,0.02,924.7727477553618,18.49545495510724,0.0002231658702963961,0.00034324249364824024,0.000325966086386849,0.011158293514819805
24,39,9,0.15297061975109505,0.046184253582349705,0.046184253582349705,8097.5508203376985,373.97934048244014,0.009278129264298909,0.031218400154828314,0.026072359006018914,0.2008937796895508
24,40,9,0.015822787998753425,0.00353158513861497,0.02,8097.5508203376985,161.95101640675398,0.002164651285302118,0.004423795433149884,0.003950596434721291,0.1082325642651059
24,41,9,0.18664970495394834,0.054332828693589866,0.054332828693589866,8097.5508203376985,439.96284155904624,-0.00016553409032505153,0.03770311325060818,0.0299508202655039,-0.0030466679962234526
24,42,9,0.008493692414802786,0.002255515603922307,0.02,8097.5508203376985,161.95101640675398,0.0023512244090602777,0.0029859221813265807,0.0030807526657080446,0.11756122045301388
24,43,9,0.24015753742857857,0.07131160866637057,0.07131160866637057,8097.5508203376985,577.4493752559699,-0.0009054382186123059,0.04221569210867952,0.033589193654146816,-0.012696926006092138
24,44,9,0.3193603112965978,0.05206412686374125,0.05206412686374125,8097.5508203376985,421.59191319565394,-0.000982496341103235,0.03489113820685176,0.02780203679895793,-0.018870888657646346
24,45,9,0.05157819362806544,0.008389255450399879,0.02,8097.5508203376985,161.95101640675398,0.004240804212067238,0.009376939096538158,0.00826583808869422,0.2120402106033619
24,46,9,0.007932849242688727,0.0022143505810460844,0.02,8097.5508203376985,161.95101640675398,9.726136265924289e-05,0.002559554136301337,0.0020388881608821565,0.004863068132962145
24,71,9,0.017034303285469895,0.015127131404802674,0.02,8097.5508203376985,161.95101640675398,-0.01607860188334719,0.0018462461159772928,0.01607860188334719,-0.8039300941673594
25,47,9,0.054647715501922815,0.00431280672321315,0.02,2557.1336784911155,51.14267356982231,-0.0011498741131561992,0.004743024171765825,0.0039024289491316412,-0.05749370565780996
25,48,9,0.4978707619010817,0.02085962268302507,0.02085962268302507,2557.1336784911155,53.340843683380605,-0.013033137657744925,0.013561153251205592,0.015442670975311,-0.6248021767119929
25,49,9,0.0022150984384863687,0.00015988412495568653,0.02,2557.1336784911155,51.14267356982231,0.00019217179712484507,0.00017381626334634032,0.0002158407419576353,0.009608589856242253
25,50,9,0.21236959686262816,0.013256759914508198,0.02,2557.1336784911155,51.14267356982231,0.009903589385350655,0.010535928073129745,0.011871004849189161,0.49517946926753276
25,51,9,0.0030102479327053146,0.00021760398972715656,0.02,2557.1336784911155,51.14267356982231,0.00022438124311597167,0.00023325015071197342,0.00026577642293578086,0.011219062155798583
25,52,9,0.01711800243607825,0.00122058608947545,0.02,2557.1336784911155,51.14267356982231,0.0010811681711442294,0.0013351594342088508,0.0014003635711382486,0.05405840855721147
25,53,9,0.0030634405594884575,0.00022083852561889477,0.02,2557.1336784911155,51.14267356982231,0.00022577280530004034,0.0002429836702974787,0.0002721777247181657,0.011288640265002016
25,54,9,0.10727045000045504,0.006940536554464573,0.02,2557.1336784911155,51.14267356982231,0.0015719381103452006,0.006714710906847936,0.0054995837111066655,0.07859690551726002
25,70,9,0.10243468636715386,0.010141422741033449,0.02,2557.1336784911155,51.14267356982231,0.000983990258520181,0.005970691380110899,0.0048645255671262875,0.049199512926009055
28,57,2,0.33383096326098893,0.0314680556993295,0.0314680556993295,5.94397671972668,0.18704539049187702,-0.010039616590615218,0.019345004120479497,0.017477962791091813,-0.31904152854379036
28,63,2,0.6661690367390111,0.0314680556993295,0.0314680556993295,5.94397671972668,0.18704539049187702,0.010039616590615218,0.019345004120479497,0.017477962791091813,0.31904152854379036
29,58,2,0.3364778645568485,0.03153443592242925,0.03153443592242925,578.737332371004,18.250155323571065,0.007484549483341958,0.01867848526461046,0.016080590010649407,0.23734527872174435
29,64,2,0.6635221354431514,0.03153443592242925,0.03153443592242925,578.737332371004,18.250155323571065,-0.007484549483341883,0.01867848526461046,0.01608059001064939,-0.23734527872174196
30,59,2,0.3332893048176719,0.031314617600566204,0.031314617600566204,7.876928672610982,0.24666300924974846,0.008935845270918652,0.018958621167975715,0.016834804355655594,0.28535699796497216
30,65,2,0.6667106951823281,0.03131461760056621,0.03131461760056621,7.876928672610982,0.24666300924974852,-0.008935845270918607,0.018958621167975722,0.016834804355655576,-0.28535699796497066
31,60,2,0.3338371221482199,0.03110738641648792,0.03110738641648792,44.32650471492609,1.3788817106594795,0.0017291983334957583,0.018798833958538517,0.015028004807951495,0.05558803013355141
31,66,2,0.6661628778517801,0.03110738641648792,0.03110738641648792,44.32650471492609,1.3788817106594795,-0.0017291983334957583,0.018798833958538517,0.015028004807951495,-0.05558803013355141
32,61,2,0.33321454142212803,0.03078789819520927,0.03078789819520927,8.202525469511192,0.2525385190989217,-0.014738885588923218,0.018813606056891717,0.0193550156875055,-0.4787233443306842
32,67,2,0.666785458577872,0.03078789819520927,0.03078789819520927,8.202525469511192,0.2525385190989217,0.014738885588923218,0.018813606056891717,0.0193550156875055,0.4787233443306842
33,62,3,0.3039607199765985,0.027843654312390193,0.027843654312390193,271.63631612346876,7.563347684833007,0.007102393925123791,0.01770174835847376,0.015236842649141855,0.25508124204671245
33,68,3,0.6060286823230697,0.029866355689266367,0.029866355689266367,271.63631612346876,8.112786835465519,-0.0019009018564014927,0.018623143963968976,0.014986520534674821,-0.06364693021735676
33,69,3,0.0900105977003318,0.009793328610965752,0.02,271.63631612346876,5.432726322469375,-0.005201492068722316,0.009788927213053184,0.008893433054761497,-0.2600746034361158
34,72,9,0.2601701177062511,0.07995131605074586,0.07995131605074586,1544.9899781693105,123.52398203984949,-0.02926507403562585,0.05418391210885983,0.04955856319767321,-0.36603617652836423
34,80,9,0.009231764506332492,0.001435189626765736,0.02,1544.9899781693105,30.89979956338621,0.0016292067267858535,0.001628205763483618,0.0019039247627350665,0.08146033633929267
34,111,9,0.009835566395170409,0.004358440187398937,0.02,1544.9899781693105,30.89979956338621,0.0018926467183682674,0.005904376352561421,0.004948609124251082,0.09463233591841337
34,112,9,0.5139822239916157,0.07319638330059715,0.07319638330059715,1544.9899781693105,113.08767863766207,0.003638125108231614,0.05026776804961913,0.040253272814646184,0.04970361846009315
34,113,9,0.07843585419355353,0.034686601797947296,0.034686601797947296,1544.9899781693105,53.59045215457816,0.011268546153760304,0.027582546198342984,0.023752344822589692,0.3248674003697635
34,114,9,0.01856614497292033,0.008195575781982904,0.02,1544.9899781693105,30.89979956338621,0.009736054607901409,0.01028530419527783,0.011602095198325566,0.48680273039507044
34,115,9,0.02405082842020859,0.010698340106324495,0.02,1544.9899781693105,30.89979956338621,0.008690995174187238,0.012366381641336752,0.0122066880640589,0.43454975870936186
34,116,9,0.047597651664640306,0.021530338779965543,0.021530338779965543,1544.9899781693105,33.26415764163682,0.002923760348353795,0.01775101355003483,0.014473724226559072,0.13579722912091002
34,117,9,0.03812984814930765,0.016617297153792263,0.02,1544.9899781693105,30.89979956338621,-0.010514260801962785,0.014481083642987943,0.014636051831842608,-0.5257130400981392
36,74,7,0.38630568487200173,0.10190746374134924,0.10190746374134924,552.5920982151141,56.313259212612834,0.02125667211477112,0.05948335800417222,0.05030375739269406,0.2085879810405503
36,118,7,0.4325255234999139,0.08617469095223335,0.08617469095223335,552.5920982151141,47.61945328633363,-0.028572254284056034,0.05205101085235084,0.04755326034176763,-0.3315620162756794
36,119,7,0.087198919971758,0.04070742815122735,0.04070742815122735,552.5920982151141,22.494603135027724,-0.00013234502511959065,0.02816100913888871,0.022504706711369903,-0.0032511271561527126
36,120,7,0.012494415214238021,0.005836863164401104,0.02,552.5920982151141,11.051841964302282,0.004428319818397514,0.005569242248579349,0.005775080934414021,0.22141599091987568
36,121,7,0.016668779098401233,0.007719177432932323,0.02,552.5920982151141,11.051841964302282,0.0019638760830128204,0.007003791864266845,0.0058605051749858784,0.09819380415064102
36,122,7,0.0331364984599915,0.015437492337341176,0.02,552.5920982151141,11.051841964302282,0.006381575386102325,0.012259561519443,0.0110426700815143,0.31907876930511625
36,123,7,0.03167017888369569,0.014441441901839583,0.02,552.5920982151141,11.051841964302282,-0.005325844093108263,0.011115227306036889,0.010027907073435966,-0.26629220465541314
38,76,7,0.2456353193693736,0.07664856204101846,0.07664856204101846,671.8156500784655,51.49370353516641,-0.029170349637659375,0.05145333863001011,0.04726764210577185,-0.38057269257117793
38,124,7,0.5036239352700653,0.07674148154960156,0.07674148154960156,671.8156500784655,51.55612831523014,0.008181397400166148,0.05105680459282471,0.04134817603872033,0.10660984431057842
38,125,7,0.09085528272343239,0.04050077250204017,0.04050077250204017,671.8156500784655,27.209052807138157,0.024629299613403682,0.03097030430576923,0.03209557389279755,0.6081192553095873
38,126,7,0.023513934317755475,0.010285060714389388,0.02,671.8156500784655,13.43631300156931,0.0019684403769484027,0.011026647635418668,0.009013997444941827,0.09842201884742013
38,127,7,0.030978831854324027,0.013808943404873531,0.02,671.8156500784655,13.43631300156931,-0.0012694604149124556,0.013414966951676028,0.010856383936932858,-0.06347302074562278
38,128,7,0.060723860036306275,0.02733925688177484,0.02733925688177484,671.8156500784655,18.366940634691726,-0.0018617057920810563,0.021368167182618206,0.017131308042211035,-0.06809642998461032
38,129,7,0.044668836428742933,0.019347736250583236,0.02,671.8156500784655,13.43631300156931,-0.0024776215458654004,0.015345890513901884,0.012387262363597554,-0.12388107729327001
40,78,2,0.38849585504534034,0.1027264854502695,0.1027264854502695,39.24504932568013,4.031505988549588,0.010631244639281359,0.06339534944852385,0.05149308636724541,0.10349078519217916
40,130,2,0.6115041449546597,0.1027264854502695,0.1027264854502695,39.24504932568013,4.031505988549588,-0.010631244639281359,0.06339534944852385,0.05149308636724541,-0.10349078519217916
42,81,4,0.7017719331973818,0.12023303908653887,0.12023303908653887,1547.4251906366826,186.05163342931513,-0.0033175877661045495,0.059725342824473844,0.047551957019000196,-0.027592979361660185
42,82,4,0.1969062571734444,0.0979924172817161,0.0979924172817161,1547.4251906366826,151.6359349931089,-0.00879360593412507,0.055863943346923,0.04517073945040946,-0.08973761621620721
42,83,4,0.060047142081356475,0.026959987547354427,0.026959987547354427,1547.4251906366826,41.718563870027516,0.015517383550035393,0.01551313726123566,0.018048839851297478,0.5755708723076954
42,84,4,0.04127466754781737,0.022921332536417326,0.022921332536417326,1547.4251906366826,35.46904736981238,-0.0034061898498057505,0.014139541628631127,0.011679093710075564,-0.148603482995328
43,85,4,0.4763906019607825,0.17348441706153087,0.17348441706153087,142.53158996495944,24.72700979792413,-0.020849373294327896,0.10993784270385773,0.08984143658001877,-0.12018009252631094
43,86,4,0.46387981656661087,0.1743083583129198,0.1743083583129198,142.53158996495944,24.844447454522314,0.0016085635944602069,0.11021602092862212,0.08850047404606429,0.009228264267009505
43,87,4,0.019570637830447553,0.010253295917021937,0.02,142.53158996495944,2.850631799299189,0.008073996525042969,0.010043060313502765,0.010476520186743743,0.40369982625214845
43,88,4,0.04015894364215913,0.020517671443527105,0.020517671443527105,142.53158996495944,2.924416333224563,0.011166813174824677,0.015342601006507625,0.015400998885002955,0.5442534356571721
44,89,4,0.7647137690651337,0.10462886471229671,0.10462886471229671,1609.0357555661212,168.3515843863758,-0.00661044331585739,0.060528469983507804,0.04873791746043731,-0.06317992013040055
44,90,4,0.20530975294171577,0.09967823627103956,0.09967823627103956,1609.0357555661212,160.38584621187047,-0.005562955033142775,0.059590969504784534,0.047967353392617096,-0.05580912384942581
44,91,4,0.019144615585662272,0.012145167280557251,0.02,1609.0357555661212,32.18071511132243,0.008918772434545514,0.010545148073862882,0.011189072963434002,0.4459386217272757
44,92,4,0.01083186240748843,0.005987715494770833,0.02,1609.0357555661212,32.18071511132243,0.00325462591445446,0.005719465759407236,0.005245460332679773,0.16273129572272302
45,93,2,0.27582231129459495,0.13454427460152532,0.13454427460152532,95.05801773631563,12.789512041391514,0.001371637712234807,0.07688443153593172,0.061514209166123296,0.010194694023934756
45,94,2,0.724177688705405,0.13454427460152535,0.13454427460152535,95.05801773631563,12.789512041391518,-0.0013716377122347696,0.07688443153593172,0.06151420916612331,-0.010194694023934477
46,95,4,0.8906309344363794,0.05435928505742783,0.05435928505742783,960.779417820585,52.22728225061873,-0.0142390400315126,0.035110261831186915,0.03029914442077467,-0.26194310717055563
46,96,4,0.07901661157237035,0.04540378046277032,0.04540378046277032,960.779417820585,43.62301775987412,-0.0007200020626652336,0.03292934553461788,0.026259180334602717,-0.01585775579316821
46,97,4,0.019230706010284437,0.01180195248862475,0.02,960.779417820585,19.2155883564117,0.008229408888496815,0.01517690247548015,0.013897526863106994,0.4114704444248407
46,98,4,0.011121747980965857,0.006675411213172157,0.02,960.779417820585,19.2155883564117,0.0067296332056809155,0.01058370044449263,0.010095756892474533,0.33648166028404575
47,99,4,0.291814891752076,0.10219229056209321,0.10219229056209321,3146.5387653778653,321.5520037763848,0.028528034837575912,0.05525570920904781,0.049713351754063495,0.27916034253329464
47,100,4,0.6910900093886386,0.10106247346986147,0.10106247346986147,3146.5387653778653,317.99699049789115,-0.029687553801950015,0.05471134601076908,0.049820696562624965,-0.29375447465970983
47,101,4,0.0151310315659914,0.006983319223687895,0.02,3146.5387653778653,62.930775307557305,0.0011266002625910485,0.006620522539058476,0.005417636669651215,0.05633001312955242
47,102,4,0.0019640672932939992,0.0009084542441150174,0.02,3146.5387653778653,62.930775307557305,3.291870178296725e-05,0.0009143568078592299,0.0007380677459269878,0.0016459350891483624
48,103,4,0.32603495836554597,0.13001787265632345,0.13001787265632345,518.7356057846262,67.44489993520632,0.03804054174874595,0.08540697624438928,0.07447652661687475,0.29257932753059734
48,104,4,0.3127359133043223,0.1302975885729809,0.1302975885729809,518.7356057846262,67.58999854068124,-0.01580000489413477,0.0855897586094074,0.0696795203512489,-0.12126091562534971
48,105,4,0.005894197412931108,0.0028029573013821883,0.02,518.7356057846262,10.374712115692523,-0.0016939659699624144,0.002491100312965175,0.002530999785095196,-0.08469829849812072
48,106,4,0.35533493091720075,0.1257834722626854,0.1257834722626854,518.7356057846262,65.24836568187784,-0.020546570884648948,0.07293796247039404,0.060339784130279205,-0.1633487334626891
49,107,4,0.09617622616945087,0.047930428359437095,0.047930428359437095,77.4452505251113,3.7119840320725057,-0.007757986669431194,0.03311720712318149,0.027199015115310945,-0.16185932266769973
49,108,4,0.46524884490138835,0.14712291448325207,0.14712291448325207,77.4452505251113,11.393970970139984,-0.01608635280678618,0.09014800693721899,0.07345667162784068,-0.10933954689034787
49,109,4,0.3972302934624011,0.1468313440138971,0.1468313440138971,77.4452505251113,11.371390222095064,0.02231039613224464,0.09192982172864075,0.07550311707566473,0.15194573258236357
49,110,4,0.041344635466759753,0.021908294572855064,0.021908294572855064,77.4452505251113,1.6966933617726967,0.001533943343972694,0.015475878198059952,0.01240763995144221,0.0700165564631986
50,131,10,0.6013788485588063,0.013449746544947268,0.02,1778.558907208089,35.571178144161784,0.11795413993374318,0.009560094683270837,0.11795413993374318,5.897706996687159
50,132,10,0.0002249722671869524,0.00014554165873670644,0.02,1778.558907208089,35.571178144161784,0.004923253012352201,0.00010988306557392326,0.004923253012352201,0.24616265061761003
50,133,10,0.11938648626415306,0.0065102556360266805,0.02,1778.558907208089,35.571178144161784,0.030064689523847898,0.006619921380308728,0.030064689523847898,1.5032344761923948
50,134,10,0.00022892445659353924,0.00014517226246375307,0.02,1778.558907208089,35.571178144161784,8.892364992606505e-05,0.0001648425259582815,0.00014712062322144197,0.004446182496303253
50,135,10,0.00022739338301204894,0.00014590607671087722,0.02,1778.558907208089,35.571178144161784,1.709216773073264e-05,0.0001444648153117297,0.00011655348083879518,0.0008546083865366319
50,136,10,0.10960780838707297,0.005950234638931647,0.02,1778.558907208089,35.571178144161784,-0.007996515750492584,0.003984686019563862,0.008061482917642925,-0.39982578752462916
50,137,10,0.00022710436916461468,0.00014702634854970394,0.02,1778.558907208089,35.571178144161784,-4.3979110639743095e-05,0.00012296595603438962,0.00011002939332153903,-0.0021989555319871547
50,138,10,0.16050531142791413,0.008290059072664164,0.02,1778.558907208089,35.571178144161784,-0.14689792181586414,0.0037850436315530166,0.14689792181586414,-7.344896090793207
50,139,10,0.00022722158491002918,0.00014611700009913787,0.02,1778.558907208089,35.571178144161784,7.666204881300231e-05,0.000162225749057118,0.0001421519276240234,0.0038331024406501155
50,140,10,0.007985929301186382,0.00046548812252238965,0.02,1778.558907208089,35.571178144161784,0.0018136563405836542,0.00040962985825125094,0.0018136563405836542,0.09068281702918271
51,141,4,0.2329921762118841,0.061937451092046576,0.061937451092046576,5837.902358627615,361.58479181764125,-0.025523594089613664,0.03604089020629851,0.03573930984251058,-0.4120866073691425
51,142,4,0.6509328126375408,0.05521916048470036,0.05521916048470036,5837.902358627615,322.36406723506906,-0.03642086169786352,0.032314643689732324,0.04045549343020982,-0.6595692759210763
51,143,4,0.062056559932167035,0.00814540984965108,0.02,5837.902358627615,116.75804717255231,0.01201157833603836,0.007834061427335798,0.012417945120291367,0.600578916801918
51,144,4,0.05401845121840815,0.02032461108206511,0.02032461108206511,5837.902358627615,118.65309497417688,0.04993287745143893,0.007218885802946634,0.04993287745143893,2.4567691479961855
53,146,3,0.21647787211930872,0.06853089865725749,0.06853089865725749,2859.8375325746297,195.98723612109328,0.0013258872518357632,0.04084945668690215,0.032593527348062805,0.019347291190020755
53,147,3,0.7406396479468872,0.06706734377096553,0.06706734377096553,2859.8375325746297,191.80170692629252,0.01731561968614559,0.03915261937273983,0.034265453621252245,0.258182577578714
53,148,3,0.04288247993380415,0.02238978586999244,0.02238978586999244,2859.8375325746297,64.03114997731349,-0.01864150693798141,0.006299576060689368,0.01864150693798141,-0.8325897820651066
55,150,3,0.4042810990088436,0.046567121896290996,0.046567121896290996,604.2295677759142,28.13723193596422,-0.036350569292620385,0.02558786187080472,0.0380711438782545,-0.7806058826993054
55,151,3,0.4825587241219281,0.053330863961200375,0.053330863961200375,604.2295677759142,32.22408488039218,0.11885945060181309,0.026801648008870225,0.11885945060181309,2.228717890043681
55,152,3,0.11316017686922829,0.032808070290149156,0.032808070290149156,604.2295677759142,19.82360613097864,-0.08250888130919214,0.007604452068355725,0.08250888130919214,-2.5148958954152807
57,154,4,0.46295421408280085,0.10336730451327206,0.10336730451327206,385.6065382748358,39.859108464163654,0.0064418401614409265,0.05037052528778595,0.04067938371715222,0.06231990078268717
57,155,4,0.41979700585913976,0.0819966344200901,0.0819966344200901,385.6065382748358,31.618438348918193,-0.03408443032170389,0.04232987454854304,0.04434695951429937,-0.41568084547324813
57,156,4,0.11601458136761174,0.02638013166061303,0.02638013166061303,385.6065382748358,10.172351248883388,-0.006029405596297842,0.015803158620331183,0.013491304986685352,-0.2285585862067577
57,157,4,0.0012341986904476818,0.0008553732738218453,0.02,385.6065382748358,7.712130765496717,0.03367199575656067,0.0005240645339291923,0.03367199575656067,1.6835997878280335
59,159,9,0.17868126505084814,0.013372501812325643,0.02,4210.546118113996,84.21092236227993,0.015506874307169773,0.012138564923874513,0.01670891814011778,0.7753437153584886
59,160,9,0.053815476112233654,0.024619505071749502,0.024619505071749502,4210.546118113996,103.66156150974271,-0.01754805168644951,0.016455295218470018,0.020266989273082518,-0.7127702866206529
59,161,9,0.17562558061818698,0.01758554846457998,0.02,4210.546118113996,84.21092236227993,0.002143773776949392,0.014248256859820119,0.011512541032709652,0.10718868884746958
59,162,9,0.1235942076949392,0.012547501254829948,0.02,4210.546118113996,84.21092236227993,0.0018537865633685426,0.012006720684300967,0.009691090190149828,0.09268932816842713
59,163,9,0.06071658873806726,0.006497852309650651,0.02,4210.546118113996,84.21092236227993,-0.002263337794342805,0.0076062589845684045,0.006345815713618427,-0.11316688971714024
59,164,9,0.03266832438680877,0.003513197676674429,0.02,4210.546118113996,84.21092236227993,0.006720852363319597,0.004304808603709119,0.006944138327136114,0.33604261816597986
59,165,9,0.05970592345859981,0.006330147945205567,0.02,4210.546118113996,84.21092236227993,-0.0024800580054310114,0.00743877194849863,0.00626566843599892,-0.12400290027155057
59,166,9,0.308056501337624,0.02648830111143269,0.02648830111143269,4210.546118113996,111.53021342017756,-0.003971237349932388,0.018693422803135667,0.01522536684640259,-0.14992419986566638
59,167,9,0.0071361326026921695,0.000772464276211186,0.02,4210.546118113996,84.21092236227993,3.739782534841456e-05,0.0009716795410856972,0.0007751660480992985,0.001869891267420728
61,169,9,0.04840462438433335,0.005555682007158181,0.02,668.8159030859442,13.376318061718885,-0.0060108756859246016,0.005733273055624284,0.006881702576384291,-0.3005437842962301
61,170,9,0.025784008123089307,0.011037774626144603,0.02,668.8159030859442,13.376318061718885,0.007158413414815103,0.010156558019081871,0.010040604028837103,0.3579206707407551
61,171,9,0.05596294974571438,0.006422542741724396,0.02,668.8159030859442,13.376318061718885,-0.0013526115274589533,0.006467768960732152,0.005273981473482233,-0.06763057637294767
61,172,9,0.017199156687030735,0.002019231522614701,0.02,668.8159030859442,13.376318061718885,0.0008962861887430202,0.0021689540288564874,0.0018635754572349102,0.044814309437151006
61,173,9,0.004673581062210925,0.0005574722746134296,0.02,668.8159030859442,13.376318061718885,7.218996189027239e-05,0.0006019462626788627,0.0004843744467981289,0.003609498094513619
61,174,9,0.007805706687854831,0.00092503080639044,0.02,668.8159030859442,13.376318061718885,7.483865594388239e-05,0.0010057619879622498,0.0008035592041247195,0.003741932797194119
61,175,9,0.209714367423618,0.02127442102588159,0.02127442102588159,668.8159030859442,14.228671111055595,0.003114516411697831,0.01406859161596627,0.011477717649691575,0.14639723487228337
61,176,9,0.628896464387637,0.028657344158435356,0.028657344158435356,668.8159030859442,19.16648751336865,-0.003766797183483855,0.01814735475470692,0.014729506753289814,-0.13144264739463268
61,177,9,0.0015591414985114968,0.00018246166054099403,0.02,668.8159030859442,13.376318061718885,-0.00018596023622273562,0.0002006027255988358,0.00022422479258230087,-0.009298011811136781
63,179,8,0.04329548880556244,0.004426518615500038,0.02,2201.9767999263013,44.03953599852603,0.006952076047009983,0.005384631735020128,0.00741488295810904,0.34760380235049915
63,180,8,0.34698824344614276,0.025995651291470814,0.025995651291470814,2201.9767999263013,57.24182104279293,-0.022556257894537253,0.018506371085619654,0.02447449211026197,-0.867693509257757
63,181,8,0.11533428955466533,0.011331862557735375,0.02,2201.9767999263013,44.03953599852603,0.0027553551912204944,0.011355703884938112,0.009363388801040906,0.13776775956102472
63,182,8,0.18179904285318194,0.01711396445066566,0.02,2201.9767999263013,44.03953599852603,-0.004889245901516304,0.014019615028566986,0.011866815844219707,-0.24446229507581518
63,183,8,0.09704782846401526,0.009795055880812574,0.02,2201.9767999263013,44.03953599852603,-0.011442738765961094,0.010361692090181868,0.012805285893946484,-0.5721369382980547
63,184,8,0.09922310251624875,0.009920991377904715,0.02,2201.9767999263013,44.03953599852603,0.0104084962739769,0.01043007654607697,0.012117030018325342,0.520424813698845
63,185,8,0.10005673135297916,0.010036550113534102,0.02,2201.9767999263013,44.03953599852603,0.01729361568749229,0.01048384303869369,0.01771483452810606,0.8646807843746145
63,186,8,0.016255273007204418,0.001719661675110105,0.02,2201.9767999263013,44.03953599852603,0.001478699362314919,0.0022059677577209217,0.0021438003106265036,0.07393496811574594
65,188,6,0.03270387475578297,0.012153610583641311,0.02,438.8240667301092,8.776481334602185,-0.007574484360961575,0.009659078893311057,0.010283854753724004,-0.37872421804807876
65,189,6,0.02351452685113708,0.0026819148171322495,0.02,438.8240667301092,8.776481334602185,0.005517335369818095,0.003438292640034908,0.005671091665519997,0.27586676849090475
65,190,6,0.016535927668069633,0.0018533206113253613,0.02,438.8240667301092,8.776481334602185,0.007552384867214333,0.002424012883131736,0.007553979926069507,0.3776192433607166
65,191,6,0.8984700453901387,0.013460513087667013,0.02,438.8240667301092,8.776481334602185,-0.018763728647263462,0.010791902269305188,0.0190249527645555,-0.9381864323631731
65,192,6,0.019188935169024045,0.0022270266349217545,0.02,438.8240667301092,8.776481334602185,0.0076576827175534835,0.002869499389865225,0.007663551029534596,0.38288413587767417
65,193,6,0.009586690165847367,0.0011084143725650952,0.02,438.8240667301092,8.776481334602185,0.005610810053639268,0.0014412799395154257,0.005610810053639268,0.2805405026819634
66,194,7,0.22837146886490575,0.022443200702293543,0.022443200702293543,130.0814293838673,2.9194436273033584,-0.005674430208385804,0.015056478975009968,0.012912453714952025,-0.2528351585701373
66,195,7,0.6358259956470321,0.02732402989248518,0.02732402989248518,130.0814293838673,3.5543488649419896,-0.009578266524625251,0.017660606837580483,0.01610815678308381,-0.3505436995316538
66,196,7,0.031470706726115565,0.0035808489116275046,0.02,130.0814293838673,2.6016285876773457,0.0018465651171083956,0.004408653725753644,0.003827294646439184,0.09232825585541977
66,197,7,0.0031511309773268347,0.0003786152663974233,0.02,130.0814293838673,2.6016285876773457,9.822904631354147e-05,0.0004776151383946724,0.00039052642710693167,0.004911452315677073
66,198,7,0.06916403894432076,0.007736270932920562,0.02,130.0814293838673,2.6016285876773457,0.010382076525632479,0.008502485910615138,0.01131433174758847,0.519103826281624
66,199,7,0.0005371013540590972,0.0004071648119648996,0.02,130.0814293838673,2.6016285876773457,0.00010949698519933362,0.00042114079669059703,0.0003423640449453503,0.005474849259966681
66,200,7,0.03147955748623993,0.0036196345660053377,0.02,130.0814293838673,2.6016285876773457,0.0028163290587571613,0.004444989609581068,0.004244973224834078,0.14081645293785805
68,202,8,0.07420146856609464,0.0038780006988754553,0.02,2746.1280164264476,54.92256032852895,-0.003987299498616748,0.00452871131421774,0.004943120589199894,-0.1993649749308374
68,203,8,0.2384581243571232,0.010346712900069827,0.02,2746.1280164264476,54.92256032852895,-0.0014601290959938991,0.009884339422215388,0.00797939969352123,-0.07300645479969496
68,204,8,0.08201316136588155,0.0042462489422955,0.02,2746.1280164264476,54.92256032852895,-0.00042195749302982995,0.004909983462225332,0.003936611325586171,-0.021097874651491495
68,205,8,0.08772216382230064,0.004533401042619284,0.02,2746.1280164264476,54.92256032852895,0.001702023608145186,0.005266338983922441,0.004420238305704757,0.0851011804072593
68,206,8,0.1876610389644792,0.008550942698765463,0.02,2746.1280164264476,54.92256032852895,-0.001666292094706267,0.008805372266758399,0.007128973673642992,-0.08331460473531334
68,207,8,0.32964793779787954,0.01229104138803986,0.02,2746.1280164264476,54.92256032852895,0.005814821084214681,0.01123462679544734,0.010152752514419949,0.29074105421073404
68,208,8,0.00014751369930866303,9.670392257184914e-05,0.02,2746.1280164264476,54.92256032852895,5.207865585865075e-05,0.00010480477347529103,9.25562547101154e-05,0.0026039327929325375
68,209,8,0.00014859142693255024,9.65567208702319e-05,0.02,2746.1280164264476,54.92256032852895,-3.324516587178078e-05,8.022185780700164e-05,7.36004230547387e-05,-0.001662258293589039
69,210,2,0.04086525239913833,0.017772973672370188,0.02,981.9362563263019,19.638725126526037,-0.0001338379797323383,0.012591025601241163,0.010080184789499846,-0.006691898986616915
69,211,2,0.9591347476008617,0.017772973672370188,0.02,981.9362563263019,19.638725126526037,0.0001338379797323013,0.012591025601241162,0.010080184789499841,0.006691898986615065
70,212,2,0.23512699719306532,0.10002040903930155,0.10002040903930155,3245.673100400364,324.6335511099025,0.03640455472680003,0.06034786262850953,0.05685847902696607,0.3639712642296373
70,213,2,0.7648730028069347,0.10002040903930155,0.10002040903930155,3245.673100400364,324.6335511099025,-0.036404554726800056,0.06034786262850953,0.05685847902696608,-0.3639712642296376
71,214,2,0.1416050468683802,0.05999426895812241,0.05999426895812241,1585.2584756331864,95.10642335528053,0.009333028041656782,0.037096668058629836,0.03037391277611183,0.15556532655096578
71,215,2,0.8583949531316198,0.059994268958122404,0.059994268958122404,1585.2584756331864,95.10642335528051,-0.009333028041656841,0.037096668058629836,0.03037391277611184,-0.15556532655096678
72,216,2,0.15647868512447308,0.06810715256855729,0.06810715256855729,769.6624344455672,52.41951684907147,-0.002874152678361109,0.041772698339514136,0.033659038369212455,-0.04220045281540673
72,217,2,0.843521314875527,0.06810715256855729,0.06810715256855729,769.6624344455672,52.41951684907147,0.0028741526783610857,0.04177269833951414,0.03365903836921245,0.04220045281540639
73,218,2,0.1848809635255604,0.0774465669539712,0.0774465669539712,1406.664708917045,108.94135256093233,0.04466080450400802,0.04791781822774663,0.053705389168500775,0.5766660326022103
73,219,2,0.8151190364744396,0.0774465669539712,0.0774465669539712,1406.664708917045,108.94135256093233,-0.04466080450400804,0.047917818227746635,0.05370538916850079,-0.5766660326022106
74,220,2,0.13174312203025562,0.0488762092436662,0.0488762092436662,1762.7770730467296,86.15786107216941,0.0006702468393823632,0.02978296487152595,0.023865417639521366,0.013713151035116732
74,221,2,0.8682568779697445,0.0488762092436662,0.0488762092436662,1762.7770730467296,86.15786107216941,-0.0006702468393824719,0.029782964871525947,0.02386541763952137,-0.013713151035118958
75,222,2,0.00023489741641753711,0.00015161754309673753,0.02,1769.089073433538,35.38178146867076,-7.323074080654001e-05,0.00011183841385549514,0.0001155041379027828,-0.0036615370403270007
75,223,2,0.9997651025835824,0.000151617543096737,0.02,1769.089073433538,35.38178146867076,7.323074080657831e-05,0.00011183841385549528,0.00011550413790280335,0.003661537040328916
76,224,2,0.0014964854558260096,0.0010050846355580709,0.02,228.15003283781954,4.563000656756391,0.000432461764012072,0.001219483274346856,0.0010217888691024188,0.0216230882006036
76,225,2,0.998503514544174,0.0010050846355580691,0.02,228.15003283781954,4.563000656756391,-0.00043246176401204463,0.0012194832743468566,0.0010217888691024136,-0.02162308820060223
